[
    {
        "verb": "따르",
        "keywords": [
            "한국은행",
            "일"
        ]
    },
    {
        "verb": "따르",
        "keywords": [
            "한국은행",
            "일"
        ]
    },
    {
        "verb": "따르",
        "keywords": [
            "한국은행",
            "일"
        ]
    },
    {
        "verb": "따르",
        "keywords": [
            "한국은행",
            "일"
        ]
    },
    {
        "verb": "따르",
        "keywords": [
            "한국은행",
            "일"
        ]
    }
]