{
    "nodes": [
        {
            "id": "환율",
            "importance": 0.001
        },
        {
            "id": "통화",
            "importance": 1e-05
        },
        {
            "id": "수수료",
            "importance": 1e-06
        },
        {
            "id": "달러",
            "importance": 0.01
        },
        {
            "id": "원화",
            "importance": 1e-05
        },
        {
            "id": "이자",
            "importance": 0.01
        },
        {
            "id": "금융",
            "importance": 0.1
        }
    ],
    "edges": [
        {
            "id": "edge1",
            "nodes": [
                "환율",
                "통화"
            ],
            "description": "받아, 대한"
        },
        {
            "id": "edge2",
            "nodes": [
                "통화",
                "수수료"
            ],
            "description": "그러, 활용"
        },
        {
            "id": "edge3",
            "nodes": [
                "달러",
                "원화"
            ],
            "description": "두고, 변동"
        },
        {
            "id": "edge4",
            "nodes": [
                "통화",
                "수수료"
            ],
            "description": "공급, 환전"
        },
        {
            "id": "edge5",
            "nodes": [
                "달러",
                "수수료"
            ],
            "description": "대한, 환전"
        },
        {
            "id": "edge6",
            "nodes": [
                "수수료",
                "이자"
            ],
            "description": "만들면, 지급"
        },
        {
            "id": "edge7",
            "nodes": [
                "환율",
                "원화"
            ],
            "description": "하락, 변동"
        },
        {
            "id": "edge8",
            "nodes": [
                "통화",
                "원화"
            ],
            "description": "결제"
        },
        {
            "id": "edge9",
            "nodes": [
                "수수료",
                "원화"
            ],
            "description": "발생, 결제"
        },
        {
            "id": "edge10",
            "nodes": [
                "수수료",
                "이자"
            ],
            "description": "부과, 받고"
        },
        {
            "id": "edge11",
            "nodes": [
                "환율",
                "금융"
            ],
            "description": "환전, 재환전"
        },
        {
            "id": "edge12",
            "nodes": [
                "통화",
                "원화"
            ],
            "description": "결제, 재환전"
        }
    ]
}