[
    {
        "url": "https://www.hankyung.com/article/202411153784i",
        "title": "폐배터리, 기부 플랫폼, 반도체 공정…이번주 VC가 찜한 스타트업[긱스 플러스]",
        "journalist": "Unknown",
        "date": "2024.11.15 10:43",
        "relation_type": "기술 혁신",
        "keywords": [
            "재활용",
            "에너지 효율",
            "블랙매스",
            "모듈 단위 처리",
            "친환경 에너지",
            "자동화 시스템",
            "AI 기술",
            "로보틱스",
            "데이터 분석",
            "공정 엔지니어링"
        ]
    },
    {
        "url": "https://www.hankyung.com/article/202411153784i",
        "title": "폐배터리, 기부 플랫폼, 반도체 공정…이번주 VC가 찜한 스타트업[긱스 플러스]",
        "journalist": "Unknown",
        "date": "2024.11.15 10:43",
        "relation_type": "금융 시장",
        "keywords": [
            "시드 투자금",
            "유치",
            "스타트업",
            "투자",
            "규모",
            "국내 기부 시장",
            "기부금",
            "운용",
            "투명성",
            "매칭 시스템"
        ]
    },
    {
        "url": "https://www.hankyung.com/article/202411153784i",
        "title": "폐배터리, 기부 플랫폼, 반도체 공정…이번주 VC가 찜한 스타트업[긱스 플러스]",
        "journalist": "Unknown",
        "date": "2024.11.15 10:43",
        "relation_type": "데이터 과학",
        "keywords": [
            "데이터 스타트업",
            "프리A 투자",
            "딥러닝",
            "데이터 기반",
            "자동화 시스템",
            "기부자-수혜자",
            "AI 솔루션",
            "구매 원가 절감",
            "툴",
            "구매 업무"
        ]
    },
    {
        "url": "https://www.hankyung.com/article/202410312390i",
        "title": "트라피구라, 인도 6000억 이어 몽골에서 1조5000억원 날렸다 [원자재 포커스]",
        "journalist": "Unknown",
        "date": "2024.10.31 17:48",
        "relation_type": "금융 시장",
        "keywords": [
            "재무제표",
            "피해액",
            "거래",
            "순이익",
            "벌금",
            "손실",
            "형사"
        ]
    },
    {
        "url": "https://www.hankyung.com/article/202410312390i",
        "title": "트라피구라, 인도 6000억 이어 몽골에서 1조5000억원 날렸다 [원자재 포커스]",
        "journalist": "Unknown",
        "date": "2024.10.31 17:48",
        "relation_type": "사회 문제",
        "keywords": [
            "사기",
            "소행",
            "범죄",
            "피해배상",
            "소송",
            "의혹",
            "조사"
        ]
    },
    {
        "url": "https://www.hankyung.com/article/202410312390i",
        "title": "트라피구라, 인도 6000억 이어 몽골에서 1조5000억원 날렸다 [원자재 포커스]",
        "journalist": "Unknown",
        "date": "2024.10.31 17:48",
        "relation_type": "국제 경제",
        "keywords": [
            "세계",
            "국영",
            "국제",
            "미국",
            "중국",
            "브라질",
            "싱가포르"
        ]
    },
    {
        "url": "https://www.hankyung.com/article/202411125958i",
        "title": "LNG 국제시세 안정, 국내 도시가스 가격은 상승 [원자재 포커스]",
        "journalist": "Unknown",
        "date": "2024.11.12 12:41",
        "relation_type": "금융 시장",
        "keywords": [
            "액화천연가스",
            "LNG",
            "가격",
            "선물",
            "가스",
            "요금",
            "시장",
            "가격상승",
            "가격하락",
            "가스생산",
            "원유",
            "미국",
            "가스가격",
            "유럽",
            "수요",
            "가격하락",
            "가격상승",
            "시장안정",
            "가격안정"
        ]
    },
    {
        "url": "https://www.hankyung.com/article/202411125958i",
        "title": "LNG 국제시세 안정, 국내 도시가스 가격은 상승 [원자재 포커스]",
        "journalist": "Unknown",
        "date": "2024.11.12 12:41",
        "relation_type": "미시 경제",
        "keywords": [
            "BTU",
            "MMBtu",
            "가격하락",
            "가격상승",
            "가격하락",
            "가격상승",
            "수요",
            "예측",
            "가격예측",
            "수요증가",
            "수요감소",
            "가격예측",
            "시장안정",
            "가격안정"
        ]
    },
    {
        "url": "https://www.hankyung.com/article/202411125958i",
        "title": "LNG 국제시세 안정, 국내 도시가스 가격은 상승 [원자재 포커스]",
        "journalist": "Unknown",
        "date": "2024.11.12 12:41",
        "relation_type": "경영 전략",
        "keywords": [
            "시장조사",
            "S&P글로벌 플랫츠",
            "시장안정",
            "시장예측",
            "수요예측",
            "가격변동",
            "가격예측",
            "시장안정",
            "가격안정"
        ]
    },
    {
        "url": "https://www.hankyung.com/article/202411125958i",
        "title": "LNG 국제시세 안정, 국내 도시가스 가격은 상승 [원자재 포커스]",
        "journalist": "Unknown",
        "date": "2024.11.12 12:41",
        "relation_type": "환경 과학",
        "keywords": [
            "허리케인",
            "라파엘",
            "환경집행국",
            "가스생산시설",
            "환경영향",
            "기후변화",
            "날씨예보",
            "기후예측",
            "기후변화",
            "기후영향",
            "수력발전",
            "난방",
            "도시가스",
            "가스요금",
            "원가",
            "손실"
        ]
    },
    {
        "url": "https://www.hankyung.com/article/202411050178i",
        "title": "당국 규제·희귀종 벌 출현…'원전 옆 데이터센터 건설' 제동 [원자재 포커스]",
        "journalist": "Unknown",
        "date": "2024.11.05 09:25",
        "relation_type": "금융 시장",
        "keywords": [
            "주가",
            "빅테크",
            "거래",
            "투자자",
            "자본지출",
            "투자",
            "시장"
        ]
    },
    {
        "url": "https://www.hankyung.com/article/202411050178i",
        "title": "당국 규제·희귀종 벌 출현…'원전 옆 데이터센터 건설' 제동 [원자재 포커스]",
        "journalist": "Unknown",
        "date": "2024.11.05 09:25",
        "relation_type": "에너지",
        "keywords": [
            "무탄소 에너지",
            "전력",
            "데이터센터",
            "원전",
            "전력망",
            "에너지",
            "발전소"
        ]
    },
    {
        "url": "https://www.hankyung.com/article/202411050178i",
        "title": "당국 규제·희귀종 벌 출현…'원전 옆 데이터센터 건설' 제동 [원자재 포커스]",
        "journalist": "Unknown",
        "date": "2024.11.05 09:25",
        "relation_type": "기술 혁신",
        "keywords": [
            "AI",
            "데이터 과학",
            "데이터센터",
            "프로젝트",
            "빅테크",
            "원자력",
            "데이터"
        ]
    },
    {
        "url": "https://www.hankyung.com/article/202410144360i",
        "title": "패션업계 '악동'에서 Z세대 '핫템'으로 부활한 아베크롬비 [글로벌 종목탐구]",
        "journalist": "Unknown",
        "date": "2024.10.16 05:33",
        "relation_type": "경영 전략",
        "keywords": [
            "경영 혁신",
            "매출",
            "영업이익",
            "매출액",
            "매출 증가율",
            "수요자층",
            "브랜드 인지도",
            "경영 우선순위",
            "이미지 변신"
        ]
    },
    {
        "url": "https://www.hankyung.com/article/202410144360i",
        "title": "패션업계 '악동'에서 Z세대 '핫템'으로 부활한 아베크롬비 [글로벌 종목탐구]",
        "journalist": "Unknown",
        "date": "2024.10.16 05:33",
        "relation_type": "마케팅",
        "keywords": [
            "마케팅",
            "브랜드 이미지",
            "마케팅 변화",
            "마케팅 전략",
            "마케팅 방식",
            "고객층",
            "마케팅 전략",
            "마케팅 전략 변경"
        ]
    },
    {
        "url": "https://www.hankyung.com/article/202410144360i",
        "title": "패션업계 '악동'에서 Z세대 '핫템'으로 부활한 아베크롬비 [글로벌 종목탐구]",
        "journalist": "Unknown",
        "date": "2024.10.16 05:33",
        "relation_type": "금융 시장",
        "keywords": [
            "주가",
            "주가 상승",
            "주가 급등",
            "애널리스트",
            "목표 주가",
            "증권사",
            "증시",
            "주가 예측",
            "주가 변동성"
        ]
    },
    {
        "url": "https://www.hankyung.com/article/202410144360i",
        "title": "패션업계 '악동'에서 Z세대 '핫템'으로 부활한 아베크롬비 [글로벌 종목탐구]",
        "journalist": "Unknown",
        "date": "2024.10.16 05:33",
        "relation_type": "산업 경제학",
        "keywords": [
            "패션 브랜드",
            "패션 업계",
            "패션 트렌드",
            "패션 시장",
            "경쟁사",
            "패션 제품",
            "패션 브랜드 경쟁력",
            "패션 시장 변화"
        ]
    },
    {
        "url": "https://www.hankyung.com/article/202410144360i",
        "title": "패션업계 '악동'에서 Z세대 '핫템'으로 부활한 아베크롬비 [글로벌 종목탐구]",
        "journalist": "Unknown",
        "date": "2024.10.16 05:33",
        "relation_type": "사회 문제",
        "keywords": [
            "차별",
            "인종 차별",
            "외모 차별",
            "차별 문제",
            "차별 해소",
            "차별적 이미지",
            "차별적 마케팅",
            "차별적 정책",
            "차별적 행동"
        ]
    },
    {
        "url": "https://www.hankyung.com/article/202410232745i",
        "title": "'호재만 있다' 천장 없는 금값…\"3000달러까지 더 상승할 것\" [원자재 포커스]",
        "journalist": "Unknown",
        "date": "2024.10.23 08:43",
        "relation_type": "금융 시장",
        "keywords": [
            "국제 금값",
            "트로이온스",
            "금리 인하",
            "금 매입",
            "금값 전망",
            "투자 매력",
            "투자자",
            "시장 위험",
            "헤지 효과성",
            "가격 변동성"
        ]
    },
    {
        "url": "https://www.hankyung.com/article/202410232745i",
        "title": "'호재만 있다' 천장 없는 금값…\"3000달러까지 더 상승할 것\" [원자재 포커스]",
        "journalist": "Unknown",
        "date": "2024.10.23 08:43",
        "relation_type": "글로벌 금융",
        "keywords": [
            "국제 금값",
            "중동",
            "중국",
            "인도",
            "금값 상승",
            "금값 상승률",
            "금값 매입",
            "중앙은행",
            "달러화",
            "글로벌 투자은행"
        ]
    },
    {
        "url": "https://www.hankyung.com/article/202411228430i",
        "title": "창업 2년만에 800억원을 확보한 반도체 스타트업은? [긱스 플러스]",
        "journalist": "Unknown",
        "date": "2024.11.22 13:47",
        "relation_type": "금융 시장",
        "keywords": [
            "시드 투자금",
            "투자 라운드",
            "시리즈A",
            "시리즈B",
            "시리즈C",
            "투자자",
            "벤처캐피털",
            "투자금",
            "투자 유치",
            "누적 투자 유치액"
        ]
    },
    {
        "url": "https://www.hankyung.com/article/202411228430i",
        "title": "창업 2년만에 800억원을 확보한 반도체 스타트업은? [긱스 플러스]",
        "journalist": "Unknown",
        "date": "2024.11.22 13:47",
        "relation_type": "산업 기술",
        "keywords": [
            "반도체",
            "컴퓨트익스프레스링크",
            "CXL",
            "인공지능",
            "AI",
            "중앙처리장치",
            "CPU",
            "그래픽처리장치",
            "GPU",
            "CXL 반도체",
            "고대역폭메모리",
            "HBM",
            "CXL D램",
            "데이터 처리",
            "엠아이디",
            "세라믹 패키지"
        ]
    },
    {
        "url": "https://www.hankyung.com/article/202411228430i",
        "title": "창업 2년만에 800억원을 확보한 반도체 스타트업은? [긱스 플러스]",
        "journalist": "Unknown",
        "date": "2024.11.22 13:47",
        "relation_type": "기술 혁신",
        "keywords": [
            "유전자 의약품",
            "유전자가위",
            "유전자 전달",
            "유전자 전달로 치료제",
            "미세생리시스템",
            "나노 약물 전달체",
            "동위원소 분리 기술",
            "동위원소 소재",
            "동위원소 소재 전문기업"
        ]
    },
    {
        "url": "https://www.hankyung.com/article/202411015112i",
        "title": "\"야생화가 죽어요\" 환경단체, 바이든 리튬 광산 허가하자마자 소송 [원자재 포커스]",
        "journalist": "Unknown",
        "date": "2024.11.01 17:50",
        "relation_type": "환경 과학",
        "keywords": [
            "리튬",
            "생물다양성",
            "야생화",
            "서식지",
            "환경 분석",
            "지하수",
            "습지",
            "대기질",
            "문화 자원",
            "야생 동물"
        ]
    },
    {
        "url": "https://www.hankyung.com/article/202411015112i",
        "title": "\"야생화가 죽어요\" 환경단체, 바이든 리튬 광산 허가하자마자 소송 [원자재 포커스]",
        "journalist": "Unknown",
        "date": "2024.11.01 17:50",
        "relation_type": "금융 시장",
        "keywords": [
            "에코프로",
            "에코프로이노베이션",
            "시바니스틸워터",
            "투자",
            "자금",
            "대출",
            "금융",
            "자산 관리",
            "글로벌 금융"
        ]
    },
    {
        "url": "https://www.hankyung.com/article/202411015112i",
        "title": "\"야생화가 죽어요\" 환경단체, 바이든 리튬 광산 허가하자마자 소송 [원자재 포커스]",
        "journalist": "Unknown",
        "date": "2024.11.01 17:50",
        "relation_type": "규제와 법률",
        "keywords": [
            "환경단체",
            "소송",
            "허가",
            "환경 보호법",
            "환경 영향 평가서",
            "환경 보호법",
            "토지관리국",
            "환경 검토",
            "환경 분석"
        ]
    },
    {
        "url": "https://www.hankyung.com/article/202411141605i",
        "title": "석탄 막 때던 인도, 독성 스모그로 앞이 안보여 [원자재 포커스]",
        "journalist": "Unknown",
        "date": "2024.11.14 16:41",
        "relation_type": "환경 과학",
        "keywords": [
            "대기 오염",
            "습도",
            "기온",
            "풍속",
            "오염물질",
            "대기질",
            "대기질 지수"
        ]
    },
    {
        "url": "https://www.hankyung.com/article/202411141605i",
        "title": "석탄 막 때던 인도, 독성 스모그로 앞이 안보여 [원자재 포커스]",
        "journalist": "Unknown",
        "date": "2024.11.14 16:41",
        "relation_type": "정책 경제학",
        "keywords": [
            "오염물질 저감 정책",
            "석탄 소비",
            "에너지 가격",
            "석탄 광산",
            "석탄 수입",
            "산업 활동"
        ]
    },
    {
        "url": "https://www.hankyung.com/article/202411141605i",
        "title": "석탄 막 때던 인도, 독성 스모그로 앞이 안보여 [원자재 포커스]",
        "journalist": "Unknown",
        "date": "2024.11.14 16:41",
        "relation_type": "국제 경제",
        "keywords": [
            "글로벌 에너지 가격",
            "세계 3위",
            "태양광 발전",
            "세계 2위",
            "산업 활동"
        ]
    },
    {
        "url": "https://www.hankyung.com/article/202411138426i",
        "title": "OPEC,내년 원유 수요 전망치 또 하향...\"침체 온다\" [원자재 포커스]",
        "journalist": "Unknown",
        "date": "2024.11.13 12:55",
        "relation_type": "거시 경제",
        "keywords": [
            "원유 시장",
            "글로벌 경기 침체",
            "수요 부진",
            "원유 수요",
            "증산 계획",
            "세계 석유 수요량",
            "글로벌 원유 일일 수요량",
            "신재생 에너지",
            "경제 성장",
            "수요 증가 예상치"
        ]
    },
    {
        "url": "https://www.hankyung.com/article/202411138426i",
        "title": "OPEC,내년 원유 수요 전망치 또 하향...\"침체 온다\" [원자재 포커스]",
        "journalist": "Unknown",
        "date": "2024.11.13 12:55",
        "relation_type": "국제 경제",
        "keywords": [
            "산유국",
            "원유 시장 전망",
            "로이터통신",
            "석유수출국기구",
            "OPEC",
            "OPEC+",
            "러시아",
            "중국",
            "인도",
            "중국 시장",
            "리비아",
            "유전 시설",
            "LNG 트럭"
        ]
    },
    {
        "url": "https://www.hankyung.com/article/202411138426i",
        "title": "OPEC,내년 원유 수요 전망치 또 하향...\"침체 온다\" [원자재 포커스]",
        "journalist": "Unknown",
        "date": "2024.11.13 12:55",
        "relation_type": "금융 시장",
        "keywords": [
            "원유 가격",
            "증산 계획",
            "일일 4034만배럴",
            "금융 상품",
            "자산 관리",
            "글로벌 금융"
        ]
    }
]