{
    "금리": "자금을 빌리거나 빌려줄 때 적용되는 이자율로, 자금 이용에 대한 대가를 의미합니다.",
    "환율": "한 나라의 화폐를 다른 나라의 화폐로 교환할 때의 비율.",
    "주가": "특정 기업의 주식이 시장에서 거래되는 가격.",
    "무역수지": "한 국가의 수출액과 수입액의 차이를 나타내는 지표로, 무역에서의 경제적 성과를 평가하는 기준.",
    "빗썸": "암호화폐를 거래할 수 있는 대한민국의 대표적인 가상자산 거래소 중 하나.",
    "투자": "현재의 자본이나 자원을 미래의 이익을 위해 투입하는 행위.",
    "외환": "외국 통화와 관련된 모든 거래나 자산.",
    "달러": "미국의 공식 통화로, 국제 거래에서 가장 널리 사용되는 화폐.",
    "통화": "한 국가에서 사용되는 화폐 단위.",
    "수수료": "금융 서비스, 거래, 또는 기타 서비스 제공에 대해 지불하는 금액.",
    "원화": "대한민국의 공식 화폐 단위.",
    "금융": "자금의 융통과 관련된 모든 활동을 포괄하는 용어.",
    "네트워크": "서로 연결된 시스템이나 단말기 간의 상호작용을 위한 구조.",
    "해외 주식": "국내가 아닌 외국 주식시장에 상장된 주식.",
    "주주환원": "기업이 주주들에게 배당, 자사주 매입 등으로 이익을 환원하는 행위.",
    "빅테크": "대규모 기술 기업을 의미하며, 보통 IT 및 플랫폼 기업을 지칭.",
    "예·적금": "은행에 일정 금액을 예치하여 이자를 받는 금융 상품.",
    "채권": "정부, 공공기관, 기업 등이 자금을 조달하기 위해 발행하는 부채 증서.",
    "코인": "블록체인 기술을 기반으로 하는 암호화폐.",
    "대출": "금융 기관이나 개인으로부터 일정 금액의 돈을 빌리는 행위.",
    "이자": "빌린 자금이나 예치금에 대해 지불하거나 받는 금전적 대가.",
    "금융자산": "현금, 주식, 채권 등 금융 상품으로 구성된 자산.",
    "금융투자소득세": "금융 투자로 발생한 소득에 대해 부과되는 세금.",
    "가상자산": "디지털 형태로 존재하는 자산으로, 암호화폐가 대표적인 예.",
    "소득세": "개인이 벌어들인 소득에 대해 부과되는 세금.",
    "세금": "정부가 공공서비스 제공을 위해 개인이나 기업으로부터 징수하는 금전.",
    "종합부동산세": "부동산 보유자에게 부과되는 세금으로, 일정 기준 이상의 부동산을 대상으로 함.",
    "상속세": "재산 상속 시 부과되는 세금.",
    "증권거래세": "주식 및 증권 거래에 부과되는 세금.",
    "공제액": "과세 대상 금액에서 일정 부분을 공제해 주는 금액.",
    "세율": "과세 대상 금액에 대해 적용되는 세금 비율.",
    "납세": "법적으로 부과된 세금을 납부하는 행위.",
    "공매도": "투자자가 특정 주식을 소유하지 않은 상태에서 주식을 빌려 매도한 후, 가격이 하락했을 때 이를 되사들이는 투자 전략.",
    "모기지": "부동산을 담보로 제공하여 대출을 받는 금융 상품.",
    "유동성": "자산을 빠르게 현금으로 전환할 수 있는 능력.",
    "레버리지": "차입 자본을 활용하여 투자 수익률을 극대화하는 전략.",
    "헤지펀드": "공격적인 투자 전략을 통해 높은 수익을 목표로 하는 사모펀드.",
    "스톡옵션": "직원이 특정 가격에 회사 주식을 구매할 수 있는 권리를 제공하는 보상 제도.",
    "상장지수펀드 (ETF)": "주식시장에 상장되어 거래되는 인덱스 펀드.",
    "리츠": "부동산 투자 신탁으로, 부동산에 투자하고 배당을 지급하는 금융 상품.",
    "파생상품": "주식, 채권, 통화 등의 기초 자산을 바탕으로 가치가 결정되는 금융 상품.",
    "포트폴리오": "다양한 자산에 투자하여 리스크를 분산하고 수익을 극대화하는 투자 구성.",
    "펀드매니저": "투자 펀드를 관리하고 투자 전략을 수립하는 전문가.",
    "자본이득": "자산의 매매를 통해 발생하는 차익.",
    "단기금융시장": "만기가 1년 이하인 금융 상품이 거래되는 시장.",
    "중앙은행": "국가의 통화 정책을 수행하고 금융 시스템을 안정적으로 운영하는 기관.",
    "가치투자": "내재 가치보다 저평가된 자산에 투자하여 장기적인 수익을 추구하는 투자 전략.",
    "보통주": "기업의 의결권과 배당을 받을 권리가 있는 일반적인 주식.",
    "우선주": "배당 우선권이 있지만 의결권이 제한된 주식.",
    "자본이익률": "기업의 자본 대비 순이익의 비율을 나타내는 지표.",
    "매출채권": "상품이나 서비스를 판매하고 대금을 아직 받지 못한 경우 발생하는 채권.",
    "매입채무": "상품이나 서비스를 구매하고 아직 대금을 지급하지 않은 경우 발생하는 채무.",
    "수익률": "투자 자본 대비 발생한 수익의 비율.",
    "부채비율": "기업의 총 자산에서 부채가 차지하는 비율로, 재무 건전성을 평가하는 지표.",
    "발행시장": "새로운 금융 상품이 최초로 발행되는 시장.",
    "기관투자자": "개인 투자자가 아닌 대규모 자금을 운영하는 투자 기관.",
    "환리스크": "환율 변동으로 인해 발생할 수 있는 재정적 손실의 위험.",
    "시장점유율": "특정 기업이 전체 시장에서 차지하는 비율.",
    "주식배당": "회사가 현금 대신 주식으로 지급하는 배당 형태.",
    "자산운용사": "투자 펀드와 자산 포트폴리오를 관리하는 회사.",
    "비상장기업": "증권 거래소에 상장되지 않은 기업.",
    "적립식펀드": "정기적으로 일정 금액을 투자하여 자산을 형성하는 펀드.",
    "IPO": "기업이 최초로 주식을 공개 발행하여 자금을 조달하는 과정.",
    "신용등급": "개인의 대출 상환 능력이나 기업의 채무 이행 능력을 평가한 등급.",
    "리스크 관리": "투자와 금융 활동에서 발생할 수 있는 위험을 식별하고 최소화하는 과정.",
    "대체투자": "전통적인 주식이나 채권이 아닌 부동산, 사모펀드, 원자재 등에 투자하는 방법.",
    "외환보유고": "국가가 보유하고 있는 외화와 국제적으로 거래 가능한 자산의 총합.",
    "국제수지": "한 국가의 대외 경제 활동 결과로 나타나는 수출입, 투자 등의 수지 차이.",
    "통화스왑": "두 나라의 중앙은행이 서로의 통화를 교환하는 금융 계약.",
    "국채": "정부가 발행하는 채권으로, 국가의 재정 부족을 메우기 위해 발행.",
    "사모펀드": "소수의 투자자로부터 자금을 모아 고수익을 추구하는 투자 펀드.",
    "양적완화": "중앙은행이 통화 공급을 늘려 경제를 활성화하기 위해 채권 등을 매입하는 정책.",
    "통화정책": "중앙은행이 통화량이나 금리를 조절하여 경제를 안정시키는 정책.",
    "환율조작국": "의도적으로 자국 통화 가치를 낮추어 수출 경쟁력을 확보하려는 국가.",
    "외환시장": "다양한 통화가 거래되는 국제 금융시장.",
    "금본위제": "화폐의 가치를 금에 연동시킨 통화 시스템.",
    "변동환율제": "환율이 시장의 수요와 공급에 따라 변동하는 시스템.",
    "무위험이자율": "위험이 없는 자산에 투자했을 때 기대되는 수익률.",
    "크라우드펀딩": "다수의 사람들로부터 소액을 모아 자금을 조달하는 방법.",
    "벤처캐피탈": "고위험 고수익의 벤처기업에 투자하는 자본.",
    "연금펀드": "퇴직 후 생활자금을 마련하기 위해 투자되는 펀드.",
    "장외시장": "공식 거래소 외에서 주식이나 채권이 거래되는 시장.",
    "수익증권": "투자자가 펀드에 투자하여 받는 권리 증서.",
    "투기": "고위험 고수익을 목표로 단기적인 가격 변동에 투자하는 행위.",
    "금융위기": "금융 시스템의 불안정으로 인해 경제에 큰 충격이 발생하는 상황.",
    "디폴트": "채무자가 빚을 갚지 못하는 상태.",
    "채권등급": "채권 발행자의 상환 능력을 평가한 신용 등급.",
    "국부펀드": "정부가 소유한 자본을 투자하기 위해 설립한 펀드.",
    "신용리스크": "채무자가 의무를 이행하지 못할 위험.",
    "유로존": "유로화를 사용하는 유럽 연합의 회원국 지역.",
    "그린본드": "환경 친화적 프로젝트를 지원하기 위해 발행되는 채권.",
    "사회책임투자": "재무적 수익뿐만 아니라 환경 및 사회적 가치를 고려한 투자.",
    "ESG 투자": "환경, 사회, 지배구조를 고려하여 이루어지는 투자.",
    "중앙은행 디지털화폐 (CBDC)": "중앙은행이 발행하는 디지털 형태의 법정 통화.",
    "암호화폐": "블록체인 기술을 기반으로 디지털 형태로 발행되는 화폐.",
    "P2P 대출": "개인과 개인이 직접 대출 거래를 할 수 있게 연결하는 금융 서비스.",
    "확정기여형 퇴직연금 (DC)": "근로자가 납입한 기여금을 기준으로 퇴직 연금이 결정되는 제도.",
    "확정급여형 퇴직연금 (DB)": "퇴직 후 지급받을 금액이 사전에 확정된 연금 제도.",
    "회생금융": "경제적 어려움을 겪는 개인이나 기업을 지원하기 위한 금융 서비스.",
    "저축은행": "일반 은행보다 소규모 고객을 대상으로 예금과 대출을 제공하는 금융기관.",
    "보증보험": "채무 불이행 시 보험사가 대신 채무를 이행해주는 보험.",
    "신용보증기금": "중소기업 및 소상공인의 신용을 보증해주는 공공기관.",
    "주택저당증권 (MBS)": "주택 담보 대출을 기초 자산으로 하여 발행된 증권.",
    "기업어음 (CP)": "기업이 단기 자금을 조달하기 위해 발행하는 단기 채권.",
    "프라이빗뱅킹": "부유층 고객을 대상으로 하는 맞춤형 금융 서비스.",
    "소액결제": "소규모 금액의 거래를 위한 결제 시스템.",
    "핀테크": "금융과 기술이 결합된 혁신적 금융 서비스.",
    "리보금리": "런던 은행 간 금리로 국제 금융 시장에서 자주 참조되는 금리.",
    "기축통화": "국제 금융 거래에서 주요 결제 및 거래 수단으로 사용되는 통화.",
    "부실채권": "회수 가능성이 낮은 채권.",
    "하이일드채권": "높은 이자율을 제공하지만 리스크가 큰 채권.",
    "선도거래": "미래의 특정 시점에 자산을 정해진 가격에 거래하기로 약정한 계약.",
    "공공재정": "국가가 공공서비스 제공을 위해 집행하는 자금.",
    "위험분산": "여러 자산에 투자하여 리스크를 줄이는 전략.",
    "배당수익률": "주당 배당금과 주가를 비교한 비율로, 투자 수익성을 평가.",
    "신용카드": "구매 후 일정 기간 뒤에 결제할 수 있도록 한 비현금 결제 수단.",
    "직불카드": "구매 시점에서 즉시 결제가 이루어지는 결제 카드.",
    "전자지갑": "디지털 방식으로 결제 정보를 저장하고 관리하는 소프트웨어 또는 장치.",
    "분산금융 (DeFi)": "중앙기관 없이 블록체인 기술을 기반으로 운영되는 금융 시스템.",
    "이자율스왑": "고정 이자율과 변동 이자율을 교환하는 금융 계약.",
    "자산유동화증권 (ABS)": "자산을 담보로 발행된 유동성 증권.",
    "상각": "자산의 가치가 시간에 따라 감소하는 것을 회계적으로 반영하는 절차.",
    "주식공모": "회사가 다수의 투자자에게 주식을 발행하여 자금을 조달하는 방법.",
    "배당락": "배당을 받을 권리가 없어지는 시점 이후의 주식 가격 하락.",
    "선순위채권": "파산 시 다른 채권보다 우선적으로 상환받을 권리가 있는 채권.",
    "후순위채권": "파산 시 선순위 채권보다 나중에 상환받는 채권.",
    "옵션거래": "미래의 특정 가격에 자산을 매매할 권리를 부여하는 계약.",
    "헤지거래": "가격 변동 위험을 줄이기 위해 반대 방향의 거래를 동시에 수행하는 전략.",
    "채권발행": "정부나 기업이 자금을 조달하기 위해 채권을 시장에 발행하는 행위.",
    "매도포지션": "가격 하락을 예상하여 특정 자산을 판매한 상태.",
    "매수포지션": "가격 상승을 예상하여 특정 자산을 구매한 상태.",
    "국부": "한 나라가 보유한 자산의 총합.",
    "경제협력개발기구 (OECD)": "경제 성장과 세계 무역 촉진을 목표로 하는 국제기구.",
    "브렉시트": "영국의 유럽연합 탈퇴를 뜻하는 경제적, 정치적 용어.",
    "신탁": "개인이 자산을 제3자에게 맡겨 관리하도록 하는 법적 계약.",
    "집합투자기구": "다수의 투자자 자금을 모아 다양한 자산에 투자하는 기관.",
    "거시경제": "국가 경제 전체를 다루는 경제학의 한 분야.",
    "미시경제": "개별 소비자나 기업의 경제 활동을 다루는 경제학의 한 분야.",
    "국내총생산 (GDP)": "일정 기간 동안 한 국가 내에서 생산된 재화와 서비스의 총 가치.",
    "지급준비율": "은행이 고객 예금 중 중앙은행에 보유해야 하는 비율.",
    "금융완화": "경기를 활성화하기 위해 금리를 낮추거나 통화 공급을 늘리는 정책.",
    "통화긴축": "경기 과열을 억제하기 위해 금리를 올리거나 통화 공급을 줄이는 정책.",
    "조세": "정부가 공공서비스 제공을 위해 개인이나 기업으로부터 징수하는 금전.",
    "수출보험": "수출 기업이 거래 상대국의 지급 불이행 위험을 보장받는 보험.",
    "환차익": "외화를 매매하거나 보유함으로써 발생하는 이익.",
    "환차손": "외화를 매매하거나 보유함으로써 발생하는 손실.",
    "기업지배구조": "기업이 내부적으로 의사 결정을 내리고 책임을 분배하는 방식.",
    "경제적 부가가치 (EVA)": "기업이 자본 비용을 초과하여 창출한 순이익.",
    "금융리스크": "금융 활동에서 발생할 수 있는 불확실성과 잠재적 손실.",
    "재정적자": "정부 지출이 세입을 초과한 상태.",
    "재정흑자": "정부 세입이 지출을 초과한 상태.",
    "인플레이션": "상품과 서비스의 가격이 전반적으로 상승하는 경제 현상.",
    "디플레이션": "상품과 서비스의 가격이 전반적으로 하락하는 경제 현상.",
    "스태그플레이션": "경제 성장 둔화와 물가 상승이 동시에 발생하는 현상.",
    "금융파생상품": "기초 자산의 가격 변동을 기반으로 가치가 결정되는 금융 상품.",
    "파산": "채무자가 부채를 갚을 수 없는 상태에 이르렀을 때 법적으로 선언되는 상태.",
    "결제유예": "특정 기간 동안 대금 결제를 연기하는 조치.",
    "마진콜": "투자자가 담보로 설정한 자산 가치가 하락했을 때 추가 자금을 요구받는 상황.",
    "기술적 분석": "과거의 가격 데이터를 바탕으로 미래의 가격 변동을 예측하는 투자 방법.",
    "기본적 분석": "기업의 재무 상태와 경제 환경을 분석하여 투자 가치를 평가하는 방법.",
    "적대적 M&A": "기업의 동의 없이 강제적으로 인수하거나 합병을 시도하는 행위.",
    "우호적 M&A": "기업 간의 합의로 이루어지는 인수 및 합병.",
    "기업공개비용": "기업이 IPO를 위해 소요하는 비용.",
    "금융시스템": "자본의 흐름을 관리하고 자금을 중개하는 경제 구조.",
    "스프레드": "매수 호가와 매도 호가 간의 차이.",
    "거래비용": "상품이나 서비스 교환 과정에서 발생하는 비용.",
    "경상수지": "국제수지에서 상품, 서비스, 소득 및 경상이전 수지를 포함하는 항목.",
    "경제제재": "특정 국가나 집단의 경제 활동을 제한하는 조치.",
    "경제활동참가율": "15세 이상 인구 중 경제 활동에 참여하는 비율.",
    "공공부채": "정부 및 공공기관이 지고 있는 모든 채무.",
    "공공서비스": "정부가 제공하는 의료, 교육, 교통 등 국민 복지를 위한 서비스.",
    "공급곡선": "가격과 공급량 간의 관계를 그래프로 나타낸 곡선.",
    "공적자금": "정부가 금융기관 구조조정 등을 위해 지원하는 자금.",
    "관세": "수입품에 부과되는 세금.",
    "교역조건": "수출 상품 가격과 수입 상품 가격 간의 비율.",
    "규제완화": "경제 활동을 제한하는 규제를 줄이는 정책.",
    "균형가격": "수요와 공급이 일치하는 가격.",
    "그레이마켓": "합법적이지만 공식 유통 경로 외에서 이루어지는 시장.",
    "금리스왑": "고정금리와 변동금리를 서로 교환하는 금융 계약.",
    "기본소득": "모든 국민에게 조건 없이 지급되는 소득.",
    "기회비용": "특정 선택으로 인해 포기한 대안의 가치.",
    "내부거래": "기업 내부에서 발생하는 거래 활동.",
    "내부자거래": "비공개 정보를 이용한 주식 거래.",
    "노동생산성": "노동 투입 대비 산출량을 나타내는 지표.",
    "노사관계": "노동자와 사용자 간의 관계 및 협력 상태.",
    "다국적기업": "여러 국가에서 사업을 운영하는 기업.",
    "대차대조표": "기업의 자산, 부채, 자본 상태를 나타내는 재무제표.",
    "디지털화폐": "디지털 형태로 발행되는 화폐.",
    "명목GDP": "시장 가격을 기준으로 계산된 GDP.",
    "물가상승률": "상품과 서비스 가격이 상승하는 비율.",
    "물가지수": "경제 전반의 물가 변동을 측정한 지표.",
    "민간소비": "가계와 민간 비영리단체의 소비 지출.",
    "반덤핑": "덤핑으로 인한 불공정 경쟁을 막기 위해 부과하는 세금.",
    "배당금": "기업이 이익을 주주에게 분배하는 금액.",
    "부동산경기": "부동산 시장의 전반적인 상태와 동향.",
    "부동산투자신탁": "부동산에 투자하여 수익을 배분하는 신탁.",
    "불완전경쟁": "기업이 가격 결정력을 가지는 시장 상황.",
    "브랜드가치": "브랜드가 기업에 미치는 경제적 가치.",
    "사회간접자본": "도로, 철도, 항만 등 경제 활동을 지원하는 인프라.",
    "산업구조조정": "산업의 경쟁력 강화를 위한 구조 개선.",
    "생산가능곡선": "자원 배분에 따라 생산 가능한 최대 조합을 나타내는 곡선.",
    "생산요소": "재화와 서비스를 생산하는 데 사용되는 노동, 자본, 토지.",
    "선물환": "미래의 특정 시점에 외화를 매매하기로 약정하는 거래.",
    "소득분배": "경제 활동을 통해 얻은 소득을 사회 구성원 간에 나누는 과정.",
    "소득재분배": "불평등한 소득 분배를 개선하기 위한 정책.",
    "소비자물가지수 (CPI)": "소비자가 구입하는 상품과 서비스 가격 변화를 측정한 지표.",
    "소비재": "최종 소비를 목적으로 생산된 재화.",
    "수요곡선": "가격과 수요량 간의 관계를 그래프로 나타낸 곡선.",
    "순채무": "총 부채에서 보유 자산을 차감한 금액.",
    "신용창출": "은행이 예금을 대출로 전환하여 경제에 통화를 공급하는 과정.",
    "실질GDP": "물가 변동을 제거하고 계산된 GDP.",
    "양도성예금증서 (CD)": "은행이 발행하는 단기 금융 상품.",
    "연불금융": "구매자가 상품을 장기간에 걸쳐 대금을 지불하는 방식.",
    "연방준비제도 (Fed)": "미국의 중앙은행으로, 통화 정책을 담당.",
    "영구채": "만기가 없고 이자를 지속적으로 지급하는 채권.",
    "외부효과": "경제 활동이 제3자에게 미치는 의도치 않은 영향.",
    "외환위기": "외환 부족으로 인해 발생하는 경제적 위기.",
    "우량주": "재무 안정성과 성장 가능성이 높은 주식.",
    "유럽중앙은행 (ECB)": "유럽연합의 통화 정책을 관장하는 중앙은행.",
    "유효수요": "실제로 구매력을 가진 수요.",
    "인수합병 (M&A)": "기업이 다른 기업을 인수하거나 합병하는 행위.",
    "인플레이션 타겟팅": "중앙은행이 일정 수준의 물가 상승률을 목표로 하는 정책.",
    "자본수지": "자본 이동과 관련된 국제수지 항목.",
    "재무관리": "기업 자금의 계획, 운용, 통제를 관리하는 활동.",
    "재정적정성": "정부 재정이 안정적이고 지속 가능하게 유지되는 상태.",
    "조세감면": "정부가 특정 세금을 줄이거나 면제하는 조치.",
    "중개수수료": "중개인이 거래를 성사시킨 대가로 받는 수수료.",
    "지급불능": "채무자가 채무를 상환할 수 없는 상태.",
    "지급준비금": "은행이 예금 중 중앙은행에 보유해야 하는 금액.",
    "채권만기": "채권의 원금과 이자가 지급되는 시점.",
    "투자수익률": "투자 자본 대비 발생한 수익의 비율.",
    "파생결합증권": "주식, 채권 등 기초 자산을 바탕으로 결합된 금융 상품.",
    "펀더멘털": "경제의 기본적이고 장기적인 상태를 나타내는 지표.",
    "현금흐름": "특정 기간 동안 기업의 현금 유입과 유출.",
    "협정환율": "국가 간 협정에 의해 정해진 환율.",
    "화폐시장": "단기 금융 상품이 거래되는 시장.",
    "환전수수료": "통화를 교환할 때 부과되는 비용.",
    "비트코인 (Bitcoin, BTC)": "최초의 암호화폐로, 중앙 기관 없이 개인 간의 직접 거래를 가능하게 하는 디지털 통화입니다.",
    "이더리움 (Ethereum, ETH)": "스마트 계약 기능을 통해 다양한 탈중앙화 애플리케이션(DApp)을 개발할 수 있는 플랫폼입니다.",
    "리플 (Ripple, XRP)": "금융 기관 간의 빠르고 저렴한 국제 송금을 지원하는 디지털 결제 프로토콜입니다.",
    "라이트코인 (Litecoin, LTC)": "비트코인보다 빠른 거래 확인 시간을 목표로 개발된 암호화폐입니다.",
    "비트코인 캐시 (Bitcoin Cash, BCH)": "비트코인에서 하드 포크되어 생성된 암호화폐로, 더 큰 블록 크기를 통해 거래 속도와 효율성을 높였습니다.",
    "카르다노 (Cardano, ADA)": "학술적 연구와 과학적 접근을 기반으로 개발된 스마트 계약 플랫폼입니다.",
    "솔라나 (Solana, SOL)": "높은 처리 속도와 저렴한 거래 수수료를 제공하는 고성능 블록체인 플랫폼입니다.",
    "폴카닷 (Polkadot, DOT)": "여러 블록체인 간의 상호 운용성을 지원하는 멀티체인 네트워크입니다.",
    "도지코인 (Dogecoin, DOGE)": "인터넷 밈에서 시작된 암호화폐로, 주로 팁이나 소액 거래에 사용됩니다.",
    "체인링크 (Chainlink, LINK)": "스마트 계약이 외부 데이터를 안전하게 가져올 수 있도록 하는 탈중앙화 오라클 네트워크입니다.",
    "스텔라 (Stellar, XLM)": "금융 기관과 개인 간의 빠르고 저렴한 국제 송금을 지원하는 플랫폼입니다.",
    "이오스 (EOS, EOS)": "상용 규모의 탈중앙화 애플리케이션을 지원하는 블록체인 플랫폼입니다.",
    "트론 (TRON, TRX)": "디지털 콘텐츠 공유를 위한 탈중앙화 플랫폼을 제공합니다.",
    "모네로 (Monero, XMR)": "거래의 프라이버시와 익명성을 강조하는 암호화폐입니다.",
    "에이다 (ADA)": "카르다노 플랫폼의 네이티브 암호화폐로, 스마트 계약과 탈중앙화 애플리케이션을 지원합니다.",
    "테조스 (Tezos, XTZ)": "자체 업그레이드 가능한 블록체인 플랫폼으로, 스마트 계약을 지원합니다.",
    "네오 (NEO, NEO)": "디지털 자산과 스마트 계약을 지원하는 중국 기반의 블록체인 플랫폼입니다.",
    "다시 (Dash, DASH)": "빠른 거래와 프라이버시 기능을 제공하는 암호화폐입니다.",
    "제트캐시 (Zcash, ZEC)": "선택적 익명성을 제공하는 암호화폐로, 거래의 프라이버시를 보호합니다.",
    "이더리움 클래식 (Ethereum Classic, ETC)": "이더리움의 원래 체인을 유지한 암호화폐로, 스마트 계약을 지원합니다.",
    "비트코인": "중앙 기관 없이 개인 간 직접 거래를 가능하게 하는 최초의 암호화폐.",
    "이더리움": "스마트 계약을 통해 탈중앙화 애플리케이션(DApp) 개발을 지원하는 플랫폼.",
    "리플": "금융 기관 간 빠르고 저렴한 국제 송금을 지원하는 디지털 결제 프로토콜.",
    "라이트코인": "비트코인보다 빠른 거래 확인 시간을 목표로 개발된 암호화폐.",
    "비트코인 캐시": "비트코인에서 하드 포크된 암호화폐로, 더 큰 블록 크기를 통해 거래 효율성을 높임.",
    "카르다노": "학술적 연구와 과학적 접근을 바탕으로 개발된 스마트 계약 플랫폼.",
    "솔라나": "빠른 처리 속도와 낮은 거래 수수료를 제공하는 고성능 블록체인 플랫폼.",
    "폴카닷": "다양한 블록체인 간 상호 운용성을 지원하는 멀티체인 네트워크.",
    "도지코인": "인터넷 밈에서 시작된 암호화폐로, 주로 팁이나 소액 거래에 사용됨.",
    "체인링크": "스마트 계약이 외부 데이터를 안전하게 가져올 수 있도록 지원하는 탈중앙화 오라클 네트워크.",
    "스텔라": "금융 기관과 개인 간 빠르고 저렴한 국제 송금을 지원하는 플랫폼.",
    "이오스": "상업적 규모의 탈중앙화 애플리케이션을 지원하는 블록체인 플랫폼.",
    "트론": "디지털 콘텐츠 공유를 위한 탈중앙화 플랫폼.",
    "모네로": "거래의 프라이버시와 익명성을 강조하는 암호화폐.",
    "테조스": "자체 업그레이드 가능한 블록체인 플랫폼으로 스마트 계약을 지원.",
    "네오": "디지털 자산과 스마트 계약을 지원하는 중국 기반 블록체인 플랫폼.",
    "다시": "빠른 거래와 프라이버시 기능을 제공하는 암호화폐.",
    "제트캐시": "선택적 익명성을 제공하며 거래 프라이버시를 보호하는 암호화폐.",
    "이더리움 클래식": "이더리움의 원래 체인을 유지하며 스마트 계약을 지원하는 암호화폐.",
    "Bitcoin": "중앙 기관 없이 개인 간 직접 거래를 가능하게 하는 최초의 암호화폐.",
    "Ethereum": "스마트 계약을 통해 탈중앙화 애플리케이션(DApp) 개발을 지원하는 플랫폼.",
    "Ripple": "금융 기관 간 빠르고 저렴한 국제 송금을 지원하는 디지털 결제 프로토콜.",
    "Litecoin": "비트코인보다 빠른 거래 확인 시간을 목표로 개발된 암호화폐.",
    "Bitcoin Cash": "비트코인에서 하드 포크된 암호화폐로, 더 큰 블록 크기를 통해 거래 효율성을 높임.",
    "Cardano": "학술적 연구와 과학적 접근을 바탕으로 개발된 스마트 계약 플랫폼.",
    "Solana": "빠른 처리 속도와 낮은 거래 수수료를 제공하는 고성능 블록체인 플랫폼.",
    "Polkadot": "다양한 블록체인 간 상호 운용성을 지원하는 멀티체인 네트워크.",
    "Dogecoin": "인터넷 밈에서 시작된 암호화폐로, 주로 팁이나 소액 거래에 사용됨.",
    "Chainlink": "스마트 계약이 외부 데이터를 안전하게 가져올 수 있도록 지원하는 탈중앙화 오라클 네트워크.",
    "Stellar": "금융 기관과 개인 간 빠르고 저렴한 국제 송금을 지원하는 플랫폼.",
    "EOS": "상업적 규모의 탈중앙화 애플리케이션을 지원하는 블록체인 플랫폼.",
    "TRON": "디지털 콘텐츠 공유를 위한 탈중앙화 플랫폼.",
    "Monero": "거래의 프라이버시와 익명성을 강조하는 암호화폐.",
    "Tezos": "자체 업그레이드 가능한 블록체인 플랫폼으로 스마트 계약을 지원.",
    "NEO": "디지털 자산과 스마트 계약을 지원하는 중국 기반 블록체인 플랫폼.",
    "Dash": "빠른 거래와 프라이버시 기능을 제공하는 암호화폐.",
    "Zcash": "선택적 익명성을 제공하며 거래 프라이버시를 보호하는 암호화폐.",
    "Ethereum Classic": "이더리움의 원래 체인을 유지하며 스마트 계약을 지원하는 암호화폐."
}