[
    {
        "relation_type": "시민기자가 간다 서사모, 제주지역 경재발전포럼 개최",
        "keywords": [
            "서사모",
            "제주 지역 경제발전포럼",
            "청년 일자리",
            "감귤 산업",
            "귀농귀촌",
            "지속 가능 성장",
            "관광 산업",
            "지역 경제 활성화",
            "공동 노력"
        ]
    },
    {
        "relation_type": "통상 전문가들 트럼프 취임 100일 내 정책 전환 시도",
        "keywords": [
            "무역적자 축소",
            "자국 제조업 부흥",
            "미중 패권 경쟁",
            "관세 정책",
            "아메리카 퍼스트",
            "한미 FTA",
            "보편관세",
            "무역수지 적자 해소",
            "IRA",
            "반도체법",
            "보조금 지원",
            "미중 갈등",
            "중국 수입품 관세",
            "정부 협상팀",
            "경제 통상 드라이브"
        ]
    },
    {
        "relation_type": "위클리오늘 경북도의회, 경북테크노파크, 통합 따른 인력 및 자원 비효율 질타",
        "keywords": [
            "경북도의회",
            "경북테크노파크",
            "통합 인력 비효율",
            "자원 관리",
            "행정사무 감사",
            "센터 관리 체계",
            "청년 창업지원",
            "기술·연구 지원",
            "꿈이음 청춘카페",
            "사업 관리 부실",
            "감사 신뢰성",
            "상임 감사 선임",
            "도민 소통",
            "공공기관 혁신",
            "본원-센터 관리 불균형",
            "이선희 위원장"
        ]
    },
    {
        "relation_type": "농협중앙회, 11월 정례조회 개최",
        "keywords": [
            "농협중앙회",
            "정례조회",
            "경기농협",
            "지역 농축협",
            "조합장",
            "공공기관 행사",
            "농업 지원",
            "협동조합 활동"
        ]
    },
    {
        "relation_type": "교육소식 대구보명학교, 국립현대미술관 2024 나눔미술은행 선정 등",
        "keywords": [
            "사회공헌 프로그램",
            "미술은행 소장품",
            "교육부장관상",
            "드림뮤지컬",
            "다문화 가정",
            "수성구청 지원",
            "디지털 역량 강화",
            "청소년 교육",
            "CES 2025",
            "LINC3.0 사업단",
            "벤처창업 생태계",
            "산학연 협력",
            "경제진흥원",
            "경북도 소재 혁신 기업",
            "학생-기업 네트워킹",
            "글로벌 경쟁력 강화"
        ]
    },
    {
        "relation_type": "토트넘, 손흥민에 큰 빚 졌다 경고까지 하는데 충격 결별설 속출",
        "keywords": [
            "미국 경제매체",
            "마케팅 수익",
            "토트넘 구단 수익",
            "재계약 권유",
            "포브스 분석",
            "한국 내 인기 지속성",
            "경제적 영향력"
        ]
    },
    {
        "relation_type": "대학소식 영진전문대 회계금융창업과, 세무회계 전국 최고 실력 입증",
        "keywords": [
            "산업통상자원부 장관상",
            "TAT1급 자격증",
            "조기 취업 성공",
            "회계 및 세무 분야 전문성",
            "성인학습자 취업 특성화반",
            "경영회계융합계열 우수 인재 배출",
            "더존 Smart A 프로그램"
        ]
    },
    {
        "relation_type": "대구한의대, CES 2025 경북 공동관 서포터즈 프로그램 출범식 개최",
        "keywords": [
            "LINC3.0사업 협의회",
            "벤처창업 생태계 구축",
            "글로벌 경쟁력 강화",
            "경북 지역 경제 혁신",
            "기업-학생 네트워킹"
        ]
    },
    {
        "relation_type": "이동시드투자 유치한 비욘드알 산업용 XR 고도화 본격 시동",
        "keywords": [
            "비욘드알",
            "산업용 XR",
            "시드 투자",
            "블루포인트파트너스",
            "XR 솔루션",
            "확장현실",
            "글로벌 경쟁력",
            "벤처투자",
            "미국 시장"
        ]
    },
    {
        "relation_type": "대구한의대 2024 일본 동경 K-MEDI 수출상담회 개최",
        "keywords": [
            "K-MEDI 수출상담회",
            "일본 동경",
            "바이오헬스",
            "지역 강소기업",
            "제이랩스",
            "코스메랩 재팬",
            "중소벤처기업부",
            "수출시장 개척"
        ]
    },
    {
        "relation_type": "대구한의대 CES 2025 경북도 공동관 서포터즈 프로그램 출범식",
        "keywords": [
            "경상북도 공동관",
            "벤처창업 생태계",
            "산학연 협력",
            "기업-학생 네트워킹",
            "경북 혁신 생태계",
            "산학협력"
        ]
    },
    {
        "relation_type": "비트코인 급등과 연말 10만달러 돌파 가능성",
        "keywords": [
            "비트코인",
            "암호화폐",
            "BTCUSD",
            "디지털 자산",
            "비트코인 시가총액",
            "옵션 시장",
            "디지털자산 파생상품",
            "CME 그룹",
            "비트코인 ETF",
            "마이크로스트래티지",
            "미국 금리 인하",
            "디지털 자산 투자"
        ]
    },
    {
        "relation_type": "불공정거래 신고 포상금 강화 및 가상자산 거래소 제도 정비",
        "keywords": [
            "가상자산",
            "불공정거래",
            "포상금",
            "비트코인",
            "보안 인재",
            "블록체인",
            "업사이드 아카데미",
            "코스피 거래대금",
            "가상자산 이용자 보호법"
        ]
    },
    {
        "relation_type": "국내외 비트코인 가격 차이와 투자자 심리 분석",
        "keywords": [
            "비트코인",
            "김치 프리미엄",
            "김치 디스카운트",
            "가상자산",
            "크립토퀀트",
            "알트코인",
            "전략자산",
            "공포 및 탐욕 지수",
            "코인마켓캡",
            "국내 거래소",
            "해외 시장",
            "투자 심리",
            "시장 과열"
        ]
    },
    {
        "relation_type": "비트코인 가격 상승과 관련주 동조 현상",
        "keywords": [
            "비트코인",
            "가상자산",
            "컴투스홀딩스",
            "두나무",
            "업비트",
            "전략자산",
            "코인원",
            "가상자산 거래소",
            "블록체인 플랫폼",
            "위믹스",
            "비트코인 가격",
            "가상자산 관련주",
            "상상인증권"
        ]
    },
    {
        "relation_type": "리딩방 믿고 코인했더니 수익률 -99.8% 100억 사기 일당 적발상",
        "keywords": [
            "가상자산",
            "투자 사기",
            "시세 조종",
            "프라이빗 세일",
            "코인 락업",
            "서울경찰청",
            "금융 범죄",
            "범죄수익 은닉",
            "중장년층 피해",
            "사치품 구매",
            "코인 발행 재단",
            "범죄 조직"
        ]
    },
    {
        "relation_type": "엘살바도르와 부탄의 비트코인 보유 전략과 수익",
        "keywords": [
            "비트코인",
            "법정화폐",
            "비트코인 채굴",
            "전략적 준비금",
            "지열 에너지",
            "비트코인 채권",
            "암호화폐 거래소",
            "비트코인 가격 급등",
            "나이브트래커",
            "IMF 충고"
        ]
    },
    {
        "relation_type": "비트코인의 사상 최고가 경신과 시가총액 증가",
        "keywords": [
            "비트코인",
            "가상화폐",
            "시가총액",
            "국내 증시",
            "코스피",
            "이더리움",
            "도지코인",
            "가상화폐 시가총액",
            "코인베이스"
        ]
    },
    {
        "relation_type": "RWA(실물연계자산)와 블록체인 플랫폼의 협력",
        "keywords": [
            "아이티센그룹",
            "미쓰이물산",
            "크레더",
            "지팡구 코인",
            "골드스테이션",
            "RWA",
            "탈중앙금융",
            "디지털 커모디티즈",
            "규제",
            "민관 협력",
            "실물자산",
            "투명성"
        ]
    },
    {
        "relation_type": "비트코인 가격 급등과 트럼프 재선 영향",
        "keywords": [
            "비트코인",
            "가상화폐",
            "코인베이스",
            "사상 최고가",
            "현물 비트코인 ETF",
            "이더리움",
            "솔라나",
            "가상화폐 규제",
            "시장 열광",
            "완화된 규제",
            "시가총액",
            "가상화폐 중심지"
        ]
    },
    {
        "relation_type": "비트코인 가격 급등과 현물 ETF 유입",
        "keywords": [
            "비트코인",
            "현물 ETF",
            "암호화폐",
            "자산유입",
            "아이셰어즈 비트코인 트러스트",
            "피델리티 와이즈 오리진 비트코인",
            "아크 21셰어즈 비트코인",
            "IBIT",
            "레버리지 ETF",
            "비트코인 가격 상승",
            "암호화폐 거래 규제",
            "김치프리미엄",
            "투자자 이민",
            "스탠다드차터드"
        ]
    },
    {
        "relation_type": "비트코인 가격 상승과 '트럼프 트레이드' 효과",
        "keywords": [
            "비트코인",
            "전 세계 가상자산 시가총액",
            "가상자산 공포 및 탐욕 지수",
            "전략자산",
            "탈중앙화 금융(DeFi)",
            "대체불가능토큰(NFT)",
            "업비트",
            "한국 프리미엄",
            "코인마켓캡",
            "이더리움",
            "도지코인",
            "리플"
        ]
    },
    {
        "relation_type": "비트코인 가격 상승과 가상화폐 관련주의 동조 현상",
        "keywords": [
            "비트코인",
            "가상화폐 관련주",
            "갤럭시아머니트리",
            "우리기술투자",
            "한화투자증권",
            "가상화폐 거래소",
            "업비트",
            "친비트코인 정책",
            "토큰 증권 사업",
            "코스닥",
            "코스피",
            "가상화폐"
        ]
    },
    {
        "relation_type": "비트코인 가격 상승과 현물 ETF 유입 증가",
        "keywords": [
            "비트코인",
            "현물 비트코인 ETF",
            "아이셰어즈 비트코인 신탁 ETF",
            "암호화폐 시가총액",
            "이더리움",
            "솔라나",
            "도지코인",
            "씨티은행",
            "미국 증시"
        ]
    },
    {
        "relation_type": "도지코인 가격 상승과 비트코인 최고가 돌파",
        "keywords": [
            "도지코인",
            "비트코인",
            "암호화폐",
            "콜 옵션",
            "CNBC",
            "규제 완화",
            "암호화폐 시장",
            "K33 리서치"
        ]
    },
    {
        "relation_type": "도지코인 상승과 트럼프 당선 효과",
        "keywords": [
            "도지코인",
            "비트코인",
            "가상화폐 시장",
            "시가총액",
            "비트코인 ETF",
            "밈코인",
            "알트코인",
            "사회관계망서비스",
            "밈코인 투자자 참여"
        ]
    },
    {
        "relation_type": "삼성전자 주가 하락과 글로벌 반도체 시장",
        "keywords": [
            "삼성전자 주가",
            "반도체 산업",
            "관세 부과",
            "AI 반도체",
            "HBM 경쟁력",
            "글로벌 AI 기업",
            "텍사스 파운드리 공장",
            "대미 수출",
            "반도체 보조금 축소",
            "반도체 시장 점유율",
            "투자자 우려",
            "증권가 전망"
        ]
    },
    {
        "relation_type": "삼성전자 주가 하락과 외국인 매도세",
        "keywords": [
            "삼성전자 주가",
            "외국인 매도",
            "개인 투자자 물타기",
            "메모리 반도체",
            "HBM 경쟁력",
            "메모리 기술",
            "주요 외국계 창구",
            "시장 점유율",
            "목표 주가 하향",
            "경제 정책 영향"
        ]
    },
    {
        "relation_type": "대한항공의 서비스 강화와 고객 만족",
        "keywords": [
            "고객 만족도",
            "국가고객만족도(NCSI)",
            "서비스 품질",
            "기내식 사전 주문",
            "해외여행 수요",
            "하늘길 확장",
            "동계 노선 증편",
            "고객 충성도",
            "기내 간식 서비스",
            "고객 중심 서비스"
        ]
    },
    {
        "relation_type": "제주항공의 고객만족도 1위 수상과 서비스 전략",
        "keywords": [
            "제주항공",
            "국가고객만족도(NCSI)",
            "저비용항공사(LCC)",
            "고객 인지가치",
            "고객 인지품질",
            "브랜드 마케팅",
            "소셜네트워크서비스(SNS)",
            "펫패스 서비스",
            "여행심화반",
            "온오프라인 활동",
            "고객 중심 경영"
        ]
    },
    {
        "relation_type": "천년 유산, 미디어 아트로 춤추다 아르떼뮤지엄 국가유산 특별전 개최",
        "keywords": [
            "국가유산 미디어아트",
            "강릉 아르떼뮤지엄",
            "석굴암 본존불",
            "백자 달항아리",
            "청자 투각 칠보무늬 향로",
            "디지털 콘텐츠",
            "전통 춤사위",
            "미디어 아트 기술",
            "국가유산 3D 에셋",
            "라스베이거스 전시",
            "문화유산의 현대적 재해석"
        ]
    },
    {
        "relation_type": "트럼프 2기 외교 및 국가안보라인",
        "keywords": [
            "매파 외교 정책",
            "미국 우선주의",
            "유엔 미국 대사",
            "마이크 왈츠",
            "엘리스 스터파닉",
            "국가안보보좌관",
            "국무장관 마르코 루비오",
            "중국과의 긴장",
            "대중국 강경파",
            "러시아-우크라이나 전쟁",
            "국제 외교 전략"
        ]
    },
    {
        "relation_type": "트럼프 관세와 한국 경제",
        "keywords": [
            "대미 무역 흑자",
            "한국 경제",
            "대미 무역 관계",
            "골드만삭스 분석",
            "대만 대미 수출",
            "베트남 대미 수출",
            "반도체 공급망",
            "중국-미국 무역",
            "아시아 국가 경제 영향",
            "무역 정책"
        ]
    },
    {
        "relation_type": "바나나맛우유 용기와 국가문화유산 등재",
        "keywords": [
            "바나나맛우유",
            "빙그레",
            "단지 모양 용기",
            "국가등록문화유산",
            "근현대문화유산",
            "백자 달항아리",
            "상표권 등록",
            "디자인",
            "문화유산위원회",
            "대미 수출",
            "전통 디자인"
        ]
    },
    {
        "relation_type": "세종병원 환자이송 앱과 IT 기술 접목",
        "keywords": [
            "세종병원",
            "환자이송 앱",
            "전자의무기록시스템(EMR)",
            "실시간 소통",
            "협업",
            "이송 경로",
            "환자 안전",
            "응급 환자",
            "최단 거리 이송",
            "병원 업무 효율성"
        ]
    },
    {
        "relation_type": "가상자산 거래소의 IT 인재 영입 경쟁",
        "keywords": [
            "가상자산",
            "코인거래소",
            "화이트해커",
            "코인원",
            "업비트",
            "고팍스",
            "채용 경쟁",
            "보안 전문가",
            "웹3 보안"
        ]
    },
    {
        "relation_type": "AI 경쟁에서 한국의 뒤처짐과 경제·안보 위협",
        "keywords": [
            "인공지능",
            "AI",
            "기술 경쟁",
            "AI 주권",
            "소프트웨어정책연구소",
            "AI 산업 육성",
            "국가 안보",
            "데이터 격차",
            "AI 기본법",
            "반도체",
            "기술 패권",
            "AI 전용 반도체",
            "AI 반도체",
            "딥마인드",
            "알파폴드2",
            "세계 스마트폰 시장",
            "노키아",
            "코닥"
        ]
    },
    {
        "relation_type": "광양시와 선전시의 경제적 성과 및 교류",
        "keywords": [
            "광양시",
            "선전시",
            "경제 교류",
            "자매도시",
            "선전",
            "광양벤처밸리",
            "화웨이",
            "텐센트",
            "BYD",
            "전기차",
            "이차전지",
            "벤처기업",
            "따궁팡",
            "iMakerbase",
            "경제 협력",
            "포스코",
            "농·특산품",
            "업무협약",
            "양해각서"
        ]
    },
    {
        "relation_type": "아이돌을 통한 한국 저출생 문제 해결 아이디어",
        "keywords": [
            "저출생",
            "출산 기피",
            "아이돌",
            "테일러 스위프트",
            "SNS",
            "문화 접근",
            "출산 독려",
            "육아",
            "반려견",
            "스칸디나비아 국가",
            "무상보육",
            "출산과 육아",
            "출산율",
            "아이돌 밈",
            "유전자",
            "초연결 사회",
            "스마트 신인류",
            "밈",
            "포노 사피엔스"
        ]
    },
    {
        "relation_type": "광주 인공지능 산업 생태계 강화",
        "keywords": [
            "광주",
            "인공지능",
            "AI",
            "산업 생태계",
            "팹리스",
            "로봇",
            "모빌리티",
            "에너지",
            "AI 유망기업",
            "협약",
            "사업화",
            "AI 전문인력",
            "일자리 창출",
            "기업 성장",
            "광주 인공지능 데이터센터",
            "글로벌 진출",
            "전략적 협력",
            "실증사업"
        ]
    },
    {
        "relation_type": "삼성전자 김치냉장고의 AI 기술 및 판매 성장",
        "keywords": [
            "삼성전자",
            "김치냉장고",
            "AI",
            "비스포크 AI 김치플러스",
            "판매 증가",
            "식재료 맞춤 보관",
            "메탈쿨링",
            "초미세정온",
            "냄새 케어 김치통",
            "AI 정온 모드",
            "스캔킵",
            "오토 오픈 도어",
            "김치 냉장고 혁신",
            "냉장고 기술",
            "AI 기반 냉장고"
        ]
    },
    {
        "relation_type": "녹십자홀딩스 생성형 인공지능 표준 플랫폼 구축",
        "keywords": [
            "녹십자홀딩스",
            "생성형 인공지능",
            "AI 플랫폼",
            "헤이지씨",
            "업무 효율성",
            "챗봇 서비스",
            "마이 에이아이",
            "BXG 솔루션",
            "보안",
            "안정성",
            "AI 기반 업무 혁신",
            "인공지능 기술",
            "AI 솔루션",
            "기술 표준화"
        ]
    },
    {
        "relation_type": "경일대 초등학교 방과 후 활동을 위한 AI 프로그래밍 교육",
        "keywords": [
            "경일대",
            "인공지능 프로그래밍",
            "로봇 만들기",
            "AI 교육",
            "영천시 이웃사촌마을",
            "초등학교 방과 후 활동",
            "SW전문인재양성사업단",
            "그래픽 기반 교육",
            "블록 코딩",
            "학생 프로그래밍 교육",
            "코딩 교육",
            "직관적 프로그래밍",
            "청년 이주",
            "학부모 프로그램",
            "기술 교육"
        ]
    },
    {
        "relation_type": "오픈AI의 스케일의 법칙에 대한 우려",
        "keywords": [
            "프로젝트 오라이온",
            "AI 가속기",
            "생각의 사슬 기법",
            "심층사고의 법칙"
        ]
    },
    {
        "relation_type": "음성인식 기술의 발전과 인공지능 음성봇",
        "keywords": [
            "AICC",
            "STT 기술",
            "화자인식",
            "자연어처리기술",
            "인공지능 컨택센터",
            "SaaS",
            "고객인증",
            "특허소송",
            "음성봇",
            "클라우드 기반"
        ]
    },
    {
        "relation_type": "대학수학능력시험과 은행 영업시간 변경",
        "keywords": [
            "수능",
            "은행 영업시간",
            "영업시간 변경",
            "은행연합회",
            "수험생"
        ]
    },
    {
        "relation_type": "전라남도와 전남도교육청의 꿈드림 수학여행",
        "keywords": [
            "전라남도",
            "전남도교육청",
            "학교 밖 청소년",
            "꿈드림 수학여행",
            "제주도",
            "학교 밖 청소년 연합프로그램",
            "교육적 차별 해소",
            "청소년 지도자",
            "관광지",
            "감귤 따기",
            "승마체험",
            "교육복지"
        ]
    },
    {
        "relation_type": "신용보증기금과 제주특별자치도의 스타트업 생태계 활성화 업무협약",
        "keywords": [
            "신용보증기금",
            "제주특별자치도",
            "스타트업 생태계 활성화",
            "업무협약",
            "글로컬 스타트업 지원",
            "제주지역 스타트업",
            "보증지원",
            "스케일업",
            "보증연계투자",
            "엑셀러레이팅",
            "기술자문",
            "해외진출지원",
            "네트워킹"
        ]
    },
    {
        "relation_type": "AI 스타트업 사업확장 및 고객 접점 확대",
        "keywords": [
            "AI 스타트업",
            "라이너",
            "출처 인용하기",
            "에세이",
            "참조 인용구",
            "뤼튼테크놀로지스",
            "사이오닉AI",
            "글로벌 진출",
            "AI 검색 서비스",
            "마키나락스",
            "AI 콘퍼런스",
            "LG",
            "SK텔레콤",
            "AI 플랫폼",
            "B2B 사업",
            "AI 생태계"
        ]
    },
    {
        "relation_type": "KB금융, 스타트업 해외 진출 지원을 위한 데모데이 개최",
        "keywords": [
            "KB금융",
            "데모데이",
            "스타트업",
            "싱가포르",
            "글로벌 시장",
            "핀테크",
            "AI",
            "블록체인",
            "송금 솔루션",
            "기술 혁신",
            "투자 유치",
            "K-스타트업",
            "핀테크 혁신펀드"
        ]
    },
    {
        "relation_type": "경제학자 97% \"의대 증원 찬성\"",
        "keywords": ["경제적 유인 체계", "건강보험 재정", "지출 효율화", "진료비 지불제도", "보험료부과체계 개편"]
    },
    {
        "relation_type": "한은 “경제규모 커지면 가계부채 증가 자연스럽다…둔화흐름 당분간 지속”",
        "keywords": ["가계신용", "가계대출", "주택담보대출", "거시건전성 정책", "가계부채", "경제 규모", "금융통계", "명목 GDP"]
    },
    {
        "relation_type": "[포토] 농협경제지주, greeNy(그리니) 1기 해단식",
        "keywords": ["농업경제", "농산물 유통", "소비촉진"]
    },
    {
        "relation_type": "현대차-전북도, 수소산업 포괄적 협력…“수소경제 활성화”",
        "keywords": ["수소산업", "수소 생태계", "청정수소", "경제 발전", "지역 경제 활성화", "친환경 에너지 전환"]
    },
    {
        "relation_type": "IMF 미션단장 \"내년 한국 경제 잠재성장률 수준 성장 예상\"",
        "keywords": ["한국 경제", "거시경제정책", "내수", "수출", "잠재성장률", "재정", "금융", "성장률", "건전재정", "재정 여력", "연금개혁", "재정준칙"]
    },
    {
        "relation_type": "경과원, '기술사업화 이어달리기 지원사업' 추진",
        "keywords": ["사업화 자금", "자금 조달", "기술개발사업", "연구개발", "R&D"]
    },
    {
        "relation_type": "송언석 “우리 경제 건강한 발전 위해 상속세제 개편 시급”",
        "keywords": ["상속세", "증여세", "유산과세구조", "유산취득과세구조", "자본이득과세", "세율", "경제 성장", "조세형평성"]
    },
    {
        "relation_type": "[M&A 스페셜리스트] 서용태 삼일PwC 파트너…순환경제 딜 섭렵",
        "keywords": ["순환경제", "ESG", "사모펀드", "M&A", "자본이득세", "시장점유율", "규모의 경제", "투자 트렌드"]
    },
    {
        "relation_type": "“첫 대전시청사, 문화·경제정책 상징될 것”",
        "keywords": ["경제정책", "상업 시설"]
    },
    {
        "relation_type": "서울경제진흥원-틱톡, 전통시장 문화·음식 알렸다",
        "keywords": ["소상공인", "마케팅", "프로젝트", "브랜드 가치", "글로벌 홍보", "SNS 마케팅"]
    },
    {
        "relation_type": "통상차관보 \"한·아프리카 EPA·TIPF 등 경제협력 기반 강화\"",
        "keywords": ["경제 협력", "경제동반자협정", "무역투자촉진프레임워크", "협력사업"]
    },
    {
        "relation_type": "“韓 우주 예산, 미국 0.9% 수준…‘선택과 집중’ 필요”",
        "keywords": ["우주항공산업", "저궤도 위성통신", "첨단항공인", "미래항공모빌리티", "예산 확보", "국책연구소"]
    },
    {
        "relation_type": "판 바뀌는 경제·안보 환경…美·中 사이서 '능동외교'",
        "keywords": ["경제 협력", "공급망", "전략 변화", "레버리지"]
    },
    {
        "relation_type": "“위기의 경제, 반도체가 답을 내야” … 민주당 반도체 정책협약식 개최",
        "keywords": ["반도체특별법", "반도체 생태계", "반도체 산업", "첨단전략산업", "상생 방안", "경제 위기"]
    },
    {
        "relation_type": "尹 \"트럼프 행정부와 경제·공급망·첨단기술 전략적 협력 심화\"",
        "keywords": ["경제 협력", "공급망", "첨단기술", "무역협정", "전략적 협력"]
    },
    {
        "relation_type": "1심 징역형 받은 李, 민생경제 행보 나선다",
        "keywords": ["민생경제", "주식시장", "경제계", "주식시장 활성화"]
    },
    {
        "relation_type": "AI 시대, 한국경제 재도약 이끌 기업가정신은",
        "keywords": ["기업가정신", "AI 혁명", "한국경제 재도약", "총요소생산성", "기술혁신", "정책 지원", "AI 반도체", "경제 성장 동력"]
    },
    {
        "relation_type": "남양주시, 사회적경제육성위원회 개최",
        "keywords": ["사회적경제", "지속 가능한 일자리", "사회적 가치"]
    },
    {
        "relation_type": "대구경북경제자유구역청, 한호에코스티·한호이노베이션 투자 유치",
        "keywords": ["대구경북경제자유구역", "지역경제 활성화", "미래형 자동차", "산업지구"]
    },
    {
        "relation_type": "“대기업 R&D 투자 세액공제 늘려야”",
        "keywords": ["R&D 투자", "조세 지원", "국가전략기술", "세액공제율", "산업재산권", "기술 융합"]
    },
    {
        "relation_type": "화학·기계 실적 둔화…상장사 3분기 영업익 후퇴",
        "keywords": ["영업이익", "유가증권시장", "코스닥", "상장사 실적", "경제성장률", "수출액", "실적 둔화"]
    },
    {
        "relation_type": "\"OECD 최고수준인 韓 상속세, 경제 역동성 막아… 개편 시급\"",
        "keywords": ["상속세 개편", "경제역동성", "이중과세", "OECD", "기업 경쟁력"]
    },
    {
        "relation_type": "안산시, 수소 시범도시 준공, 수소경제 선도 글로벌 수소 도시로 거듭난다",
        "keywords": ["수소 산업", "경제 활성화", "일자리 창출", "재생에너지", "그린수소"]
    },
    {
        "relation_type": "한화자산운용 '2025 경제전망 및 투자전략 세미나' 개최",
        "keywords": ["2025 경제전망", "투자전략 세미나", "주식", "채권", "펀드 직판 어플리케이션", "시장 변동성"]
    },
    {
        "relation_type": "IMF \"아시아, 보복관세로 공급망 교란…경제 성장에 타격\"",
        "keywords": ["IMF", "보복관세", "공급망 교란", "경제 성장률", "글로벌 자본 흐름"]
    },
    {
        "relation_type": "신상진 성남시장 \"소상공인이 안정돼야 지역경제 살아난다\"",
        "keywords": ["소상공인 지원", "지역경제"]
    },
    {
        "relation_type": "소노인터내셔널, 강원도 지역경제 활성화·관광객 유치 앞장",
        "keywords": ["관광 활성화", "지역 경제 발전", "관광객 유치"]
    },
    {
        "relation_type": "대한상의 강연 나선 김종화…활동 보폭 넓히는 금통위원",
        "keywords": ["한국은행", "금융 정책", "경제 전망"]
    },
    {
        "relation_type": "Fed 안팎 고물가 경고…12월 금리인하 먹구름",
        "keywords": ["미국 중앙은행", "금리 인하", "인플레이션", "경제 전망"]
    },
    {
        "relation_type": "매일경제신문 '2023 경제대상' 수상자 발표",
        "keywords": ["경제대상", "수상", "혁신 성장", "ESG 경영", "투자 유치"]
    },
    {
        "relation_type": "세계은행 \"中 내수 중심 성장 기대…성장률 전망 상향\"",
        "keywords": ["세계은행", "중국 경제", "내수 성장", "경제 전망", "성장률"]
    },
    {
        "relation_type": "경기도, 지역 중소기업 투자 유치 성과 발표",
        "keywords": ["중소기업", "투자 유치", "지역 경제"]
    },
    {
        "relation_type": "美 재무장관 \"美 경제 견고…성장 지속\"",
        "keywords": ["미국 경제", "성장 전망", "재무정책", "고용 안정"]
    },
    {
        "relation_type": "경총 \"한국, 조세부담율 너무 높아 경제 역동성 저하\"",
        "keywords": ["조세부담률", "경제 역동성", "재정 정책", "경영 환경"]
    },
    {
        "relation_type": "“친환경 산업 투자로 지속 가능한 경제를 만들자”",
        "keywords": ["친환경 산업", "지속 가능성", "ESG", "경제 성장"]
    },
    {
        "relation_type": "디지털 전환이 경제 구조 바꾼다",
        "keywords": ["디지털 전환", "경제 구조 변화", "혁신 기술", "생산성 향상"]
    },
    {
        "relation_type": "IMF “한국, 연금개혁·노동시장 유연화 시급”",
        "keywords": ["연금개혁", "노동시장 유연화", "경제 개혁", "성장 잠재력"]
    },
    {
        "relation_type": "주요국 성장률 하향 조정…글로벌 경제 둔화 조짐",
        "keywords": ["글로벌 경제", "성장률 하향", "경제 둔화", "무역 감소"]
    },
    {
        "relation_type": "중소기업중앙회, 디지털화 지원 사업 확장",
        "keywords": ["중소기업", "디지털화", "지원 사업", "경제 혁신"]
    },
    {
        "relation_type": "“수출 다변화가 경제 위기 극복의 열쇠”",
        "keywords": ["수출 다변화", "경제 위기", "무역", "시장 개척"]
    },
    {
        "relation_type": "中 경제성장 둔화 우려…글로벌 시장 충격",
        "keywords": ["중국 경제", "성장 둔화", "글로벌 시장", "무역 충격"]
    },
    {
        "relation_type": "에너지 가격 상승, 경제 압박 요인으로 작용",
        "keywords": ["에너지 가격", "경제 압박", "소비자 물가", "정책 대응"]
    },
    {
        "relation_type": "미래 경제를 위한 청년 일자리 창출 정책 필요성 강조",
        "keywords": ["청년 일자리", "경제 성장", "고용 정책"]
    },
    {
        "relation_type": "“경제 전환기에 기업의 역할 중요”",
        "keywords": ["경제 전환", "기업 역할", "혁신 성장", "투자 확대"]
    },
    {
        "relation_type": "한·미 무역 관계 변화로 경제적 여건 영향받나?",
        "keywords": ["한미 무역", "경제적 여건", "무역 협정"]
    },
    {
        "relation_type": "유럽, 녹색 경제 전환 가속화",
        "keywords": ["녹색 경제", "유럽 경제", "에너지 전환", "지속 가능성"]
    },
    {
        "relation_type": "핀테크 혁신, 금융시장 변화 중심",
        "keywords": ["핀테크", "금융시장", "디지털 금융", "혁신 기술"]
    },
    {
        "relation_type": "글로벌 공급망 재편이 경제 지형 바꾼다",
        "keywords": ["공급망 재편", "경제 지형", "글로벌화", "무역"]
    },
    {
        "relation_type": "기업 투자 감소, 경제 성장률 하락 압력 증가",
        "keywords": ["기업 투자", "경제 성장률", "하락 압력", "시장 불확실성"]
    },
    {
        "relation_type": "인공지능이 산업 구조와 경제적 가치를 재정립한다",
        "keywords": ["인공지능", "산업 구조", "경제적 가치", "혁신 기술"]
    },
    {
        "relation_type": "재생에너지 투자 확대가 경제 회복의 열쇠",
        "keywords": ["재생에너지", "투자 확대", "경제 회복", "지속 가능성"]
    },
    {
        "relation_type": "고령화가 경제 성장에 미치는 영향과 대책",
        "keywords": ["고령화", "경제 성장", "사회적 비용", "정책 대안"]
    },
    {
        "relation_type": "중소기업 경쟁력 강화로 경제 회복 도모",
        "keywords": ["중소기업", "경쟁력 강화", "경제 회복", "지원 정책"]
    },
    {
        "relation_type": "한국은행, 기준금리 0.25%p 인상…물가 안정 위해",
        "keywords": [
            "기준금리",
            "물가 안정",
            "통화정책",
            "경제 성장률",
            "소비자물가상승률",
            "금리 인상",
            "인플레이션",
            "금융시장",
            "가계부채",
            "환율",
            "수출",
            "경기 침체",
            "글로벌 경제",
            "국제 유가"
        ]
    },
    {
        "relation_type": "IMF, 내년 한국 경제 2% 성장 전망...'하방리스크 크다'",
        "keywords": [
            "IMF",
            "한국 경제",
            "성장률",
            "하방 리스크",
            "경제 정책",
            "대외 불확실성",
            "경쟁력",
            "글로벌 무역환경",
            "잠재성장률",
            "기획재정부",
            "연례협의",
            "미션단"
        ]
    },
    {
        "relation_type": "당정, 국내주식시장 소액주주 보호 나선다…“민생경제 대책 마련”",
        "keywords": [
            "당정협의회",
            "민생대책",
            "코스피",
            "소액주주 보호",
            "상법 개정안",
            "자본시장법",
            "인수합병",
            "경제위기",
            "금융위원회",
            "민생경제특별위원회"
        ]
    },
    {
        "relation_type": "IMF, 韓 성장률 2.5→2.2% 낮춰…'수출 호조에도 내수 약세 제약'",
        "keywords": [
            "IMF",
            "한국 경제 성장률",
            "수출 호조",
            "내수 약세",
            "경제 불확실성",
            "하방 리스크",
            "통화정책 정상화",
            "건전재정기조",
            "부동산 금융 리스크",
            "노동력 감소",
            "출산율",
            "여성 경제활동 참여",
            "외국인 인재 유치",
            "금융 기관 회복력",
            "민간 부채",
            "자본시장 개혁",
            "외환시장 구조 개선",
            "기업 밸류업",
            "혁신 강화",
            "공급망 다변화",
            "서비스 수출 촉진",
            "연금제도 개혁",
            "재정 준칙 도입",
            "세입 확충",
            "지출 우선순위 조정",
            "재정 구조개혁",
            "역동 경제 로드맵"
        ]
    },
    {
        "relation_type": "고등 과목 되는 '금융과 경제생활' 어떤 내용?",
        "keywords": [
            "금융",
            "불법사금융",
            "보이스피싱",
            "금융과목"
        ]
    },
    {
        "relation_type": "'제철보국' 자존심 무너지나…대구경북 경제 대들보 포항 철강업계의 비명",
        "keywords": [
            "경기 위축",
            "덤핑",
            "철강산업",
            "산업 지원책",
            "구조조정",
            "수요",
            "공급 과잉",
            "수출액",
            "글로벌 경기",
            "수출입 통계",
            "경기 침체"
        ]
    },
    {
        "relation_type": "IMF, 내년 한국 경제 성장 전망 2.2 → 2.0%...'하방 리스크 크다'",
        "keywords": [
            "경기 위축",
            "덤핑",
            "철강산업",
            "산업 지원책",
            "구조조정",
            "수요",
            "공급 과잉",
            "수출액",
            "글로벌 경기",
            "수출입 통계",
            "경기 침체"
        ]
    },
    {
        "relation_type": "경제학자 97% '의대 증원 찬성'",
        "keywords": [
            "경제적 유인",
            "건강보험 재정",
            "지출 효율화",
            "보험료",
            "국고지원",
            "수가 조정"
        ]
    },
    {
        "relation_type": "대구경찰청, 한국가스공사 및 대구시사회복지협의회와 범죄 피해자 경제적 지원 업무협약 체결",
        "keywords": [
            "경제적 지원",
            "사회공헌 활동",
            "지원기금",
            "기탁 기금"
        ]
    },
    {
        "relation_type": "인천시, 제1회 사회적경제 박람회 개최",
        "keywords": [
            "사회적경제",
            "지속가능한 성장동력",
            "사회적경제기업",
            "지역경제 활성화",
            "지역화폐",
            "캐시백"
        ]
    },
    {
        "relation_type": "트럼프 관세 정책이 미국 경제에 미칠 영향",
        "keywords": [
            "관세",
            "경제 성장률",
            "인플레이션",
            "수입품",
            "소비자 비용",
            "산업",
            "자동차 산업"
        ]
    },
    {
        "relation_type": "트럼프 관세 정책이 미국 경제에 미칠 영향",
        "keywords": [
            "관세",
            "경제 성장률",
            "인플레이션",
            "수입품",
            "소비자 비용",
            "산업",
            "자동차 산업"
        ]
    },
    {
        "relation_type": "용인시장 '김동연, GTX-플러스 3개 사업 경제성 수치 공개해야'",
        "keywords": [
            "GTX",
            "GTX-플러스",
            "경제성 조사",
            "B/C값",
            "비용 대비 편익",
            "국가철도망 구축계획",
            "용역",
            "철도사업",
            "사업비",
            "수혜자"
        ]
    },
    {
        "relation_type": "이재명, 민생경제 집중으로 돌파구 찾기…선거법 개정 주장도",
        "keywords": [
            "상법 개정",
            "주식 시장 활성화",
            "기업 이사의 충실 의무",
            "회사 및 주주",
            "수출 기업",
            "경제 행보"
        ]
    },
    {
        "relation_type": "고병일 광주은행장 '지역경제 버팀목, 100년 은행으로'",
        "keywords": [
            "총자산",
            "지역경제",
            "금융파트너",
            "지속 가능한 성장",
            "지역밀착 상생경영",
            "핀테크",
            "플랫폼 제휴",
            "중서민 금융지원",
            "영업점",
            "향토은행"
        ]
    },
    {
        "relation_type": "한경협, 한미재계회의 앞서 서울서 양국 경제계 네트워킹 리셉션",
        "keywords": [
            "한국경제인협회",
            "한미재계회의",
            "양국 경제협력",
            "자유무역협정",
            "비자 면제 프로그램",
            "경제협력",
            "통상교섭",
            "산업통상자원부",
            "민간 플랫폼"
        ]
    },
    {
        "relation_type": "박홍률 목포시장 '수리조선 산업 활성화로 지역경제 활력'",
        "keywords": [
            "지역경제",
            "투자",
            "경제 활성화"
        ]
    },
    {
        "relation_type": "고양 'K-컬처밸리' 독자 경제자유구역 추진…GH, 용역 발주",
        "keywords": [
            "경제자유구역",
            "타당성 조사",
            "투자",
            "지방세 감면",
            "관세 감면"
        ]
    },
    {
        "relation_type": "'VC행' 트럼프 장남, 안티-워크(Anti-Woke) 경제에 올인",
        "keywords": [
            "자유경제 시장",
            "투자",
            "ESG",
            "세계화",
            "펀드",
            "암호화폐",
            "온라인 시장"
        ]
    },
    {
        "relation_type": "반도체업계 “공급망 불확실성 확대 우려”… 정부 “美 신정부와 소통 통해 해결 노력” [위태로운 한국 경제]",
        "keywords": [
            "공급망",
            "투자 여건",
            "관세",
            "경제 부작용",
            "대미 투자",
            "수출",
            "MRO(유지·보수·정비)",
            "규제 완화",
            "일감 확보",
            "경제협력",
            "교역"
        ]
    },
    {
        "relation_type": "북러 경제공동위 11차회의…'다방면 협조사항 토의'",
        "keywords": [
            "무역경제",
            "과학기술",
            "협조",
            "대북제재",
            "노동자 송출"
        ]
    },
    {
        "relation_type": "창원상의 '마산경제살리기 추진위' 출범…각 경제주체 인사 참여",
        "keywords": [
            "경제 활성화",
            "지역경제",
            "상권활성화구역",
            "지역상생구역",
            "기회발전특구",
            "투자유인",
            "젠트리피케이션",
            "개발이익",
            "도시계획 사전협상제도",
            "투자기업"
        ]
    },
    {
        "relation_type": "경제학자들 '트럼프 초기 대중관세 40%선' 전망",
        "keywords": [
            "관세",
            "성장률",
            "내수",
            "실업률",
            "부동산 침체",
            "수출",
            "GDP 성장률",
            "인플레이션",
            "재정 자극책",
            "통화 자극책",
            "정책 금리",
            "위안화",
            "환율"
        ]
    },
    {
        "relation_type": "중견련, 주한일본대사 주관 초청 만찬…경제교류 활성화 모색",
        "keywords": [
            "중견기업",
            "경제 교류",
            "소부장",
            "반도체",
            "정보통신기술",
            "글로벌 공급망"
        ]
    },
    {
        "relation_type": "대만경제장관 'TSMC, 향후 10여년 대만서 매년 공장 1개씩 건설'",
        "keywords": [
            "파운드리",
            "반도체",
            "투자",
            "보조금",
            "세금 공제",
            "시장 수요",
            "제조 공정",
            "산업 경쟁력"
        ]
    },
    {
        "relation_type": "대전시장 '지·산·학 동반성장, 일류 경제도시로 간다'",
        "keywords": [
            "전략산업",
            "투자유치",
            "첨단 전략산업",
            "특화산단",
            "지산학",
            "상장기업",
            "시가총액"
        ]
    },
    {
        "relation_type": "'대마초 키워 경제 살리겠다'…다이아몬드의 나라 무슨 일?",
        "keywords": [
            "산업구조",
            "경제구조",
            "다이아몬드 산업",
            "GDP(국내총생산)",
            "수출",
            "무역수지",
            "외화 부족",
            "세입 감소",
            "경제 다각화",
            "실업률"
        ]
    },
    {
        "relation_type": "강원창조경제혁신센터, 스타트업 4곳과 투자계약",
        "keywords": [
            "투자",
            "투자조합",
            "스타트업",
            "창업"
        ]
    },
    {
        "relation_type": "'거꾸로 경제 바로 잡아야'…김동연, 15개 사업 국비 2972억 증액 요청",
        "keywords": [
            "재정 정책",
            "긴축재정",
            "확장재정",
            "국비예산",
            "지역화폐"
        ]
    },
    {
        "relation_type": "'대기업집단 규제 강화될수록 시가총액 증가율 하락'",
        "keywords": [
            "공정거래법",
            "대기업 집단",
            "시가총액",
            "규제 지수",
            "국내총생산(GDP)"
        ]
    },
    {
        "relation_type": "IMF 진단한 한국 경제 현실은?…20일 연례협의 결과 공개",
        "keywords": [
            "IMF",
            "연례협의",
            "거시경제",
            "재정",
            "금융",
            "거시경제정책",
            "잠재성장률",
            "수출 경쟁력",
            "무역 환경",
            "외환시장",
            "건전재정",
            "지출 구조조정",
            "재정 여력",
            "연금개혁",
            "재정준칙"
        ]
    },
    {
        "relation_type": "中, 경제지표 개선에 사실상 기준금리 LPR 동결",
        "keywords": [
            "기준금리",
            "대출우대금리(LPR)",
            "경기 둔화",
            "유동성 공급",
            "지급준비율(지준율)",
            "정책금리",
            "부동산 시장",
            "자본 시장",
            "지방부채",
            "경기 운영",
            "제조업 구매관리자지수(PMI)",
            "GDP 성장률",
            "민간 경제 활성화"
        ]
    },
    {
        "relation_type": "日여당·제3야당 경제대책 합의…'103만엔의 벽' 개선 추진",
        "keywords": [
            "소득세",
            "면세 기준",
            "세제 개편",
            "휘발유 감세",
            "추가경정예산안",
            "세수",
            "지자체 행정 서비스",
            "정치자금",
            "정치 개혁안"
        ]
    },
    {
        "relation_type": "송미령 장관 '식품산업, 국가 경제 성장동력 부상…지원에 총력'",
        "keywords": [
            "식품산업",
            "신성장산업",
            "수출"
        ]
    },
    {
        "relation_type": "한미일 경제발전 기반 조성에 중견기업 중심 협력필수",
        "keywords": [
            "중견기업",
            "글로벌 공급망",
            "경제 발전",
            "수출 시장",
            "중간재 교역",
            "투자"
        ]
    },
    {
        "relation_type": "김경일 시장 '교통혁명 기회 잡아 파주 경제 황금시대 열 것'",
        "keywords": [
            "시정 목표",
            "경제자유구역",
            "재정",
            "지방채"
        ]
    },
    {
        "relation_type": "경제학자 대다수 '의대 증원 필요성에 동의'",
        "keywords": [
            "경제적 유인 체계",
            "건강보험 재정",
            "지출 효율화",
            "진료비 지불제도",
            "보험료부과체계"
        ]
    },
    {
        "relation_type": "중국 기준금리 동결, 경제지표 개선에 부양책도 '속도조절'",
        "keywords": [
            "기준금리",
            "LPR",
            "경기부양책",
            "유동성 공급",
            "부동산 시장",
            "자본시장",
            "지방부채",
            "PMI",
            "GDP",
            "민영경제 촉진법",
            "경제운영",
            "생산",
            "투자"
        ]
    },
    {
        "relation_type": "'기지개 켠다'던 경제 체감 '뚝'…IMF도 내년 성장 전망 더 낮춰",
        "keywords": [
            "경제성장률",
            "내수",
            "환율",
            "공실",
            "원자재",
            "내우외환",
            "수출",
            "가계 구매력",
            "공공부문 부채",
            "성장률 전망치",
            "지정학적 위험",
            "불확실성",
            "신용평가기관"
        ]
    },
    {
        "relation_type": "IMF, 韓 경제성장률 2.5→2.2% 햐향…내수 약세",
        "keywords": [
            "경제성장률",
            "수출",
            "내수",
            "성장세"
        ]
    },
    {
        "relation_type": "尹, APEC·G20 정상회의 마치고 귀국길…러북 규탄·한중 경제협력 강조",
        "keywords": [
            "자유무역협정(FTA)",
            "경제 협력",
            "방위산업",
            "인프라 사업",
            "광물"
        ]
    },
    {
        "relation_type": "한동훈 만난 중기중앙회장 '경제문제는 여야 정쟁 않길'",
        "keywords": [
            "기업 격차",
            "노동 격차",
            "상생금융지수",
            "납품대금 연동제",
            "근로시간",
            "중대재해처벌법"
        ]
    },
    {
        "relation_type": "민생경제 회복에 최대 규모 예산 투입 구미시",
        "keywords": [
            "예산안",
            "세수 부족",
            "재정건전성",
            "지방채",
            "청년근로자 지원",
            "일자리 지원",
            "소상공인 지원",
            "중소기업 지원",
            "상품권 할인",
            "특례보증",
            "이차보전"
        ]
    },
    {
        "relation_type": "한국-인도 경제 협력의 새로운 장 ‘대한민국산업전시회 인도’ 개막",
        "keywords": [
            "경제 협력",
            "글로벌 비즈니스",
            "비즈니스 성과",
            "중소기업",
            "수출 성과",
            "비즈니스 상담회",
            "투자",
            "수출"
        ]
    },
    {
        "relation_type": "핵심광물 재자원화 포럼…산업차관 '경제안보 디딤돌'",
        "keywords": [
            "핵심 광물",
            "재자원화",
            "공급망 안정화 기금",
            "재자원화 기술",
            "핵심 광물 공급망",
            "경제 안보",
            "탄소중립"
        ]
        
    },
    {
        "relation_type": "경고음 커진 한국경제… ‘1%대 성장’ 추락 위기",
        "keywords": [
            "경제성장률",
            "수출",
            "잠재성장률",
            "관세",
            "경상수지",
            "신용등급",
            "수익성",
            "경기",
            "투자",
            "수출 구조",
            "기술 혁신",
            "가격경쟁력"
        ]
    },
    {
        "relation_type": "與-野의 경제학 '코인 과세'",
        "keywords": [
            "양도차익 과세",
            "세법개정안",
            "소득세법",
            "과세",
            "소득세",
            "기본공제"
          ]
    },
    {
        "relation_type": "케이워터운영관리-진안군, 치유관광사업·지역경제 활성화 협약",
        "keywords": [
            "지역경제 활성화",
            "경제 활성화",
            "협력체계",
            "수자원 활용",
            "건강복지향상"
          ]
    },
    {
        "relation_type": "2금융권 서민급전 대출 '폭증'...금융당국도 '속도 조절'",
        "keywords": [
            "대출", "금융 당국", "가계대출", "2금융권", "신용대출", "카드론", "캐피탈사", "현금서비스", "보험약관대출", "불황형 대출", "5대 은행", "카카오뱅크", "공모주 청약", "임금근로자", "고용 불안", "자영업자", "매출 부진", "생계형 대출", "부채", "투자형 부채", "금융당국", "대출목표치", "금융위", "가계부채", "대출 풍선효과"
        ]
    },
    {
        "relation_type": "금호타이어, ‘2024 코리아세일페스타’ 참여…내수촉진과 경제활력 위한 상생할인도",
        "keywords": [
           "할인", "렌탈료", "등록비", "렌탈", "글로벌 브랜드"
        ]
    },
    {
        "relation_type": "[Biz & Now] LG엔솔, 스페이스X에 배터리 공급",
        "keywords": [
            "공급", "납품", "의뢰"
        ]
    },
    {
        "relation_type": "포스코이앤씨 30년 ‘도전의 기록, 혁신의 다짐’",
        "keywords": [
            "개발", "브랜드", "출범", "론칭", "성공스토리"
        ]
    },
    {
        "relation_type": "배달 플랫폼 자발적 상생 협의 좌초… 수수료율 상한 법제화 방안 ‘급물살’",
        "keywords": [
            "중개수수료", "수수료율", "상한선", "입법", "시장지배적 지위", "공정거래법", "가격 남용", "대통령령", "상생협의체"
        ]
    },
    {
        "relation_type": "은행권 대출 조이자… 서민들, ‘고금리’ 2금융권 내몰린다",
        "keywords": [
            "가계 부채", "대출", "금리", "대출 수요", "저축은행", "카드론", "현금서비스", "약관 대출"
        ]
    },
    {
        "relation_type": "‘대출규제 불똥’ 자동차로… 카드 할부 구매 조일 듯",
        "keywords": [
            "DSR", "가계부채", "대출", "신용카드", "특별한도", "상호금융", "집단대출", "캐피털사", "상환 부담"
        ]
    },
    {
        "relation_type": "대법, ‘노태우 300억’ SK 유입 여부-성장 기여 논란 살필듯",
        "keywords": [
            "재산분할", "증여", "주식", "지분", "특유 재산", "재항고", "비자금", "성장", "분할 대상"
        ]
    },
    {
        "relation_type": "LG엔솔, 머스크 스페이스X에 배터리 공급",
        "keywords": [
            "배터리", "공급", "전력", "개발", "협력", "원통형 리튬이온 배터리", "의뢰"
        ]
    },
    {
        "relation_type": "[DBR/알립니다]‘CES 2025 인사이트 투어’ 참관단을 모집합니다",
        "keywords": [
           "경영", "비즈니스", "기업", "스타트업", "고품질 리포트", "네트워킹"
        ]
    },
    {
        "relation_type": "[DBR]글로벌 콘텐츠 기업, K콘텐츠 찾아 서울로 모였다",
        "keywords": [
            "계약", "기업", "협력", "수출", "투자", "유통", "배급", "비즈니스", "IP", "콘텐츠", "공동 제작"
        ]
    },
    {
        "relation_type": "트럼프 장남 만나고, 1기 정부와 인연… 재계 인맥으로 뚫을까",
        "keywords": [
            "관세", "환율", "경제", "대기업","무관세","수출","수출액","유통업계"
        ]
    },
    {
        "relation_type": "캐나다 해군총장, 60조 ‘잠수함 사업’ 파트너 찾아 방한",
        "keywords": [
            "사업", "조선 업체", "입찰", "정보요청서(RFI)", "건조", "유지·보수", "규모", "모델", "지원", "시설"
        ]
    },
    {
        "relation_type": "‘연두색 번호판’ 꺼리는 사장님들… 국토부, 법인차 전수조사",
        "keywords": [
            "계약", "탈세", "편법", "판매 가격", "구매", "할인 혜택", "수입차", "가액", "처분", "법인차", "공약" , "국토부"
        ]
    },
    {
        "relation_type": "압구정 재건축 ‘층수 갈등’ 다시 해 넘길듯… “77층 랜드마크” vs “50층 이상땐 경관 해쳐”",
        "keywords": [
            "개발", "재건축", "조합", "사업", "주택 수", "부동산", "일반분양", "조망권", "전용면적", "도시 경관", "심의", "정비계획", "재건축조합"
        ]
    },
    {
        "relation_type": "‘트럼프 2기’ 힘받는 방산·조선… 반도체·AI는 반사이익 기대",
        "keywords": [
            "투자", "주식", "국채", "자산", "주식 이민", "증시" , "북대서양조약기구" , "수출" , "서학개미" , "규제" , "금리" , "ETF"
        ]
    },
    {
        "relation_type": "트럼프와 파월 ‘힘겨루기’? 금리 인하 속도 늦어지나",
        "keywords": [
            "금리", "인하", "물가", "연방준비제도", "관세", "기준금리" , "연방공개시장위원회" , "저금리"
        ]
    },
    {
        "relation_type": "대법 ‘정기상여, 통상임금인가’ 이달 말 판가름",
        "keywords": [
            "통상임금", "정기상여금", "임금", "근로수당", "퇴직금", "기업 부담", "소멸시효", "당기순이익", "인건비", "추가 비용", "고용"
        ]
    },
    {
        "relation_type": "30일까지 ‘코리아세일페스타’… 기업 2600여곳 참여 역대 최대",
        "keywords": [
            "기업", "가전업계", "백화점", "대형마트", "숙박", "배달 플랫폼", "참가", "홍보", "규모", "세일"
        ]
    },
    {
        "relation_type": "BMW, 중형 4-도어 ‘뉴 4시리즈 그란 쿠페’ 출시…48V 마일드 하이브리드",
        "keywords": [
            "출시", "시장", "가격", "효율성", "기술", "복합연비", "최고출력", "최대토크"
        ]
    },
    {
        "relation_type": "반도체·화장품까지 타깃… 행동주의 펀드 공격 10배 급증",
        "keywords": [
            "지분", "매입", "경영 개입", "행동주의 펀드", "투자", "주식", "주주", "배당", "상장사", "기업 가치", "지주사", "인수", "경영권 분쟁"
        ]
    },
    {
        "relation_type": "트럼프 수혜국이 기쁘지 않은 이유 [사이공모닝]",
        "keywords": [
            "관세", "무역", "수출", "산업 단지", "경제", "무역 지위", "비시장 경제", "시장 경제", "반덤핑 관세"
        ]
    },
    {
        "relation_type": "습식 온풍기-자동 개폐기로 스마트 농업 실현",
        "keywords": [
            "탄소중립", "에너지 절감", "매출액", "생산량", "온도 유지", "전기보일러", "난방", "하이브리드 온풍기", "무선 원격 제어", "스마트 제어 시스템"
        ]
    },
    {
        "relation_type": "국민연금, 11월 금리인하 수혜株 더 담았다",
        "keywords": [
            "국민연금", "금리 인하", "수혜주", "제약", "바이오", "건설", "증권", "지분", "금융감독원", "공시", "주가", "비중 확대", "성장주", "관세", "재정정책", "국채 발행"
        ]
    },
    {
        "relation_type": "12→18인치 화면 늘어나고, 비틀고 접는 ‘디스플레이’ 나왔다",
        "keywords": [
            "디스플레이", "스트레처블 디스플레이", "폴더블폰", "슬라이더블", "국책과제", "웨어러블", "상용화", "산업", "기술", "경쟁"
        ]
    },
    {
        "relation_type": "농기평, 천연물식품포장재 개발 연 100억원 수입 대체효과 기대",
        "keywords": [
            "고부가가치", "기술개발", "국산 포장재", "환경친화적", "에틸렌비닐알코올", "EVOH", "시장 규모", "재활용", "기술개발 과제", "국가 경쟁력"
        ]
    },
    {
        "relation_type": "[Biz & Now] 포스코이앤씨, 내달 6일까지 창립 30주년 기념전",
        "keywords": [
            "창립", "기념 전시회", "제철", "에너지 플랜트", "개발", "주거브랜드", "성공 스토리", "임직원", "메시지", "발간"
        ]
    },
    {
        "relation_type": "NH농협금융, 업계 첫 금융윤리자격증 도입…금융사고 막을까",
        "keywords": [
            "내부통제", "금융윤리자격증", "윤리의식", "금융사고", "NH윤리인증제도", "직무 윤리인증", "평가시스템", "순회감사자", "실적발표", "자격증 도입", "시스템", "금융회사"
        ]
    },
    {
        "relation_type": "센서로 토양 수분 측정해 자동 급수… 효과적 관리로 생산성 향상",
        "keywords": [
            "성장률", "설비", "시스템", "에너지", "스마트팜", "센서", "소프트웨어", "데이터", "투자"
        ]
    },
    {
        "relation_type": "트럼프 이기자 환호한다…8% 추락한 '방산 넘버1' 믿는 구석",
        "keywords": [
            "투자","시장","매출","수익","예산","수출","수입","자산","성장","기업","경제","지분","채권","부채","재정","거래","자본","비용","환율","인플레이션"
        ]
    },
    {
        "relation_type": "소규모 농가용 ‘경량 스마트팜’으로 연중 생산",
        "keywords": [
            "소규모 농업", "경제적 가치", "지속가능성", "식량 안보", "생산성", "스마트팜", "설비", "유통", "품질관리", "기후변화", "주문 생산", "협력 관계", "개발도상국"
        ]
    },
    {
        "relation_type": "계절 두번 바뀌도록…첫삽도 못 뜬 GTX B·C",
        "keywords": [
            "사업성", "자금조달", "국회예산정책처", "민자구간", "재정구간", "컨소시엄", "사업비", "물가 상승", "금리 급등", "재무적 투자자", "공사기간", "토지소유주", "지자체", "토지보상 절차"
        ]
    },
    {
        "relation_type": "LGD, 최대 50%까지 ‘쭉’ 늘어나는 디스플레이 개발",
        "keywords": [
            "스트레처블 디스플레이","연신율","고해상도","RGB","산학연","공동 연구개발","내구성","발광다이오드(LED)","모빌리티","패션","웨어러블 기기","국책과제"
        ]
    },
    {
        "relation_type": "‘이혼소송’ 대법 심리 결정에 한숨 돌린 최태원… SK, AI·반도체에 집중",
        "keywords": [
            "비자금", "특유재산", "재산 분할", "인공지능(AI)", "반도체", "성장 동력", "리밸런싱", "심리불속행 기각", "경영 불확실성", "밸류체인", "경영전략회의", "수펙스추구협의회", "성장전략", "리밸런싱과 운영개선"
        ]
    },
    {
        "relation_type": "“24시간 펄떡펄떡… 방어 키우다 보면 선수 시절 떠올라요”",
        "keywords": [
            "사업성", "자금조달", "재산 분할", "불확실성", "밸류체인", "리밸런싱", "지분 매각", "금융 조달", "재무적 투자자", "시공사업단", "착공계", "착공 시기", "토지보상 절차", "직거래 물량", "매출", "판로", "상품군", "출하 시기", "수출국", "원물 가격", "매출 증가", "판로 확대", "판매 계획", "수요", "공급량", "판매 기간", "할인", "유통업계", "상품", "가격", "시장 예상", "주식 매각", "경영 불확실성", "현금 마련", "대법원 결정", "공급처", "시가총액", "수출", "재정정책", "투자처", "공급처"
        ]
    },
    {
        "relation_type": "가계빚 죄기 ‘부작용’… ‘서민급전’ 대출 한달 새 1.5조 이상 폭증",
        "keywords": [
            "2금융권", "주담대", "가계대출", "신용대출", "카드론", "캐피탈사", "저축은행", "보험약관대출", "서민급전", "불황형 대출", "재정구간", "PF", "사업성", "금융주간사", "FI", "금융당국", "가계부채", "풍선효과", "금융감독원", "집단대출", "재건축", "중도금 대출", "잔금대출", "상호금융", "금감원", "현장검사", "가계부채 관리", "신용카드", "경기 침체"
        ]
    },
    {
        "relation_type": "암호화폐 비트코인, 사상 처음 8만 달러 돌파",
        "keywords": [
           "비트코인", "암호화폐", "가상화폐", "가격", "시장", "채굴", "전기 공급", "거래"
        ]
    },
    {
        "relation_type": "日자율차, 혼잡 도로서 실전 주행 데이터 축적… 韓, 심야만 허용",
        "keywords": [
            "자율주행", "시뮬레이션", "다중정책의사결정", "몬테카를로 시뮬레이션", "알고리즘", "데이터", "비즈니스 모델", "상업성", "상용화", "자율주행 택시", "시범사업", "프로그램", "규제 완화", "실전 주행 데이터", "경쟁국"
        ]
    },
    {
        "relation_type": "AI중심 사업전환 KT, 2800명 희망퇴직 신청",
        "keywords": [
            "인공지능(AI)", "조직 개편", "구조조정", "희망퇴직", "단기 계약직", "네트워크 운용", "자회사", "통신 전송 장비", "자동화", "사업 전환", "인력 재배치", "조직개편"
        ]
    },
    {
        "relation_type": "“북한 핵 보유국 인정? 미국은 못한다, 트럼프라도” ‘한국통’ 미 싱크탱크 대표 [인터뷰]",
        "keywords": [
           "리더십", "국가안보", "핵확산금지조약(NPT)", "인플레이션", "경제 성장", "고립주의", "관세", "전략적 프레임워크", "이념적 양극화", "전술적 이익", "북미정상회담", "한미동맹", "여론조사"
        ]
    },
    {
        "relation_type": "몰래 방사사육·소독 시설 고장 AI확진농가 안이한 대처 ‘눈총’",
        "keywords": [
            "역학조사", "방역수칙", "조류인플루엔자(AI)", "행정명령", "소독시설", "축산차량 소독 필증", "가축전염병 예방법", "과태료", "보상금 감액 처분","벌금"
        ]
    },
    {
        "relation_type": "인터레스트립 ‘미식천국’ 홍콩으로, 3스타 7곳 등 미슐랭  78곳",
        "keywords": [
            "미슐랭 가이드", "등재", "노선", "운항", "항공권", "유류할증료", "공항이용료", "편도 총액", "할인 판매"
        ]
    },
    {
        "relation_type": "'정치인 출신' 사장 뜨는 에너지 공공기관장…왜?",
        "keywords": [
            "자회사", "에너지 공공기관", "전문성", "업무 적합성", "에너지 업계", "국회의원", "산업통상자원중소기업벤처위원회", "경영관리", "에너지자원실장", "산업부", "에너지 공기업", "경제정책", "국민통합위원회", "국회 산중위", "보은성", "낙하산 인사", "전력산업", "신재생 사업", "규제", "법안", "에너지 정책", "정치권"
        ]
    },
    {
        "relation_type": "신선무 수입 증가세 심상찮다",
        "keywords": [
            "할당관세", "수입단가", "도매가격", "원가 절감", "물가안정", "생산기반", "국내시장"
        ]
    },
    {
        "relation_type": "투자 권하곤 비자 장벽 높여… 트럼프노믹스 모순에 고민",
        "keywords": [
            "현지 생산", "전문직 취업 비자",  "H-1B 비자", "주재원 비자", "비자 발급량", "수율", "투자", "비자"
        ]
    },
    {
        "relation_type": "비트코인, 사상 처음으로 8만1천달러 돌파",
        "keywords": [
           "비트코인", "가상자산", "가상자산 거래소", "시가총액", "이더리움", "규제 완화", "친 가상자산 정책", "대선 유세", "가상자산 수도", "거래 가격", "상승세", "시가총액"
        ]
    }
]
